"","boot","coef_t","coef_t2"
"1",1,0.0054253978234325,-0.000355210155253177
"2",2,0.00826889531705083,-0.00020494838625448
"3",3,0.0130668225362856,-0.000314540103809058
"4",4,0.0110459463179585,-0.000175819890131175
"5",5,0.00818025712425433,-0.00011977980843923
"6",6,0.0127169395515314,-0.000110260163518745
"7",7,0.00827246360310947,-0.000102414733305035
"8",8,0.00903488186139668,-0.000341310298698756
"9",9,0.00606918303546101,-0.000216332723163945
"10",10,0.00331464685892859,-0.000160087920397765
"11",11,0.00688254432238838,-0.000146126270471445
"12",12,0.0121025859192918,-0.000298928172025796
"13",13,0.0139580901678953,-0.000292034780725637
"14",14,0.00410058138487472,1.50477489727296e-05
"15",15,0.00374678195648422,-0.000264095679425095
"16",16,0.0162336842229775,-0.000214707470180509
"17",17,0.00999648944604607,-0.000173794082925143
"18",18,0.00808402784450884,-0.000346949203517413
"19",19,0.00863717522958616,-0.000134770437683406
"20",20,0.00324348919710892,-4.04517934442146e-05
"21",21,0.0106525439100209,-0.000128513248128052
"22",22,0.0113046057237912,-0.000207045764738549
"23",23,0.00652981788049234,-0.000122113392087368
"24",24,0.00544708680919492,-0.000158496774945694
"25",25,0.00801155680659028,6.05111322681637e-05
"26",26,0.00815729925118538,-2.35688750409611e-05
"27",27,0.00876397115009072,-5.08065370085491e-05
"28",28,0.0129453242316398,-8.97209667402256e-05
"29",29,0.00911836251899058,-0.000284391803286779
"30",30,0.00531121617319679,-0.000149157114447357
"31",31,0.00380084053012384,-2.62286215921286e-05
"32",32,0.00616041416723937,0.000117608886956399
"33",33,0.00814483875332595,-0.000218869817579539
"34",34,0.0088984751127606,-0.000205618007802172
"35",35,0.0166052255382156,-0.000263394232355299
"36",36,-0.00222085748363662,-5.22533992297215e-05
"37",37,0.0102106443907019,-0.000323368935112681
"38",38,0.0168993738427053,5.65055851312917e-05
"39",39,0.00338377248832026,-9.08226113430824e-05
"40",40,0.0098290239628459,-0.000259998120499443
"41",41,0.00795717285393916,-9.39630548454878e-06
"42",42,0.0131560425741184,-0.000261175328478359
"43",43,0.00161103215730193,-0.000172873025834428
"44",44,0.0101483429557399,0.000137990032727757
"45",45,0.0148617865596248,-0.000130346129546513
"46",46,0.00265302311845763,-0.000240616480765326
"47",47,0.00805865413898703,-0.000247812792629331
"48",48,0.0140140196122533,-0.000301908352316774
"49",49,0.0158461989456108,-0.000343835152440337
"50",50,0.00447768528086601,-5.76069071048371e-05
"51",51,0.00942413996183731,-0.000225203265275411
"52",52,0.00856764205505108,-0.000138890973872429
"53",53,0.00794941003955905,-0.000100051023898561
"54",54,0.00507598187013168,-2.33126824741501e-06
"55",55,0.00845353336120067,0.000234105372370414
"56",56,0.00841788423261223,-0.000216102680225962
"57",57,0.0103096629026725,-0.000160606973604455
"58",58,0.0062377872613806,2.3510128943403e-05
"59",59,0.00590005917067605,-0.00024745415381793
"60",60,-0.000191788074560011,-0.000320154280315537
"61",61,0.0096737330212313,-0.000252877063064711
"62",62,0.0062131096986756,0.000100952544111867
"63",63,0.00685960030194609,-0.000156421179664486
"64",64,0.00243439184248466,-0.000224391212867896
"65",65,0.00799519081468164,-0.000275135827039989
"66",66,0.00993234467039783,-0.000246896753597596
"67",67,0.00751775966404903,5.11911871643254e-05
"68",68,0.00634702013672235,-0.000306294052904473
"69",69,0.00205796781613072,9.58628577432099e-05
"70",70,0.0022472061672471,-7.04898698818323e-05
"71",71,0.00872775139791528,-0.000252149032623173
"72",72,0.00959259786479542,-0.000116612264992052
"73",73,0.0112245361715926,-0.000207741032712755
"74",74,0.0138907251435395,-0.000345683476981623
"75",75,0.0089047370801445,-0.000188281523357041
"76",76,0.0097523003820241,-0.000237142987779913
"77",77,0.00723326001810805,-0.000416772180755039
"78",78,0.0039780151651023,-3.59407009821769e-05
"79",79,0.0114972502356704,-7.33622863399867e-05
"80",80,0.00949655936298732,-4.78852321799371e-05
"81",81,0.005927684971504,0.000168496797125562
"82",82,0.00796761279109176,-0.000258889681370779
"83",83,0.00321606086808087,2.70370556493583e-05
"84",84,0.00624756886590122,-6.96085781331702e-05
"85",85,0.00741594286899306,-4.54539683632838e-05
"86",86,0.00322240279523003,-0.000333384607783581
"87",87,0.0075299833185818,-0.000151181321210623
"88",88,0.00955125778848834,-0.000408168093092356
"89",89,-0.000593150906850485,8.11840053446463e-05
"90",90,0.0063189366703727,-0.000272998286420209
"91",91,0.0091572798698434,-0.000241124778508862
"92",92,0.0152840152637868,-0.000145042715483267
"93",93,0.00142516782545428,0.000100615847461947
"94",94,0.0108454775910807,-0.000104635717583648
"95",95,0.0132055370693494,-0.000190443313700802
"96",96,0.0128730062401209,-0.000138219217015145
"97",97,0.0110620074501785,-0.00039155340481426
"98",98,-0.00130150662828375,-2.31389143918107e-05
"99",99,0.0109146465248532,-0.000357906227547733
"100",100,0.00770644266863468,1.71049090052301e-05
"101",101,0.0130678194688702,-8.98441326706839e-05
"102",102,0.00895745560406815,-0.000342511242404148
"103",103,0.0111180090329069,-0.000178872540603422
"104",104,0.00944481229699829,-0.000167150344111133
"105",105,0.0025311444646913,-9.97691692754551e-05
"106",106,0.00362343019339528,-0.000120669764711927
"107",107,0.00809560289178475,-6.84660438632155e-05
"108",108,0.0041850096514773,-0.000139084562706149
"109",109,0.0125125509661168,-5.18270115246352e-05
"110",110,0.00403893712821888,0.000242608744234934
"111",111,0.0106436650104414,-0.000369845530742203
"112",112,0.00813872983713521,-0.000179042006521283
"113",113,0.0163332079759701,-7.81843961799478e-05
"114",114,0.00117547433141913,6.63101725335582e-06
"115",115,0.0111015886541242,-2.84878937797353e-05
"116",116,0.00417423169111428,-2.9635345368953e-05
"117",117,0.0042289192501903,-0.000349779061495982
"118",118,0.00908015027485175,-0.000320225211763077
"119",119,0.0180060344956972,-0.000394301338245902
"120",120,0.0107552741631281,7.89146024530365e-05
"121",121,0.00855870313527772,-0.000269862369438483
"122",122,0.00674179671631665,2.94295280006448e-05
"123",123,0.00899363447632868,-0.000560842233730879
"124",124,0.0129720263041527,-0.000363874056307343
"125",125,0.00736070313579186,-0.000145864499374723
"126",126,0.00940848936089542,-0.000122687426711885
"127",127,0.00867118028702973,-0.00017412082148835
"128",128,0.00724706784550095,-6.73471731772607e-05
"129",129,0.00333909319315207,-8.15301325466862e-05
"130",130,0.00694035496583586,5.56345292137106e-05
"131",131,0.00792038820920463,-0.000117039323755407
"132",132,0.00724837553040682,-0.000155807561019027
"133",133,0.00586517590518855,0.00010300563162191
"134",134,0.00777722218998015,-7.04257358550251e-05
"135",135,0.00921614644267432,-0.000215959414657425
"136",136,0.00933168342415707,-0.000259071151816498
"137",137,0.0127040804709079,0.000103645561772653
"138",138,0.0105095568949759,-0.000365181226058464
"139",139,0.00201281068431848,-2.83073673504472e-05
"140",140,0.014940541466281,-0.000237344990401648
"141",141,0.00520056897136419,-0.000317097482678688
"142",142,0.0104114206468189,-0.000133018384079115
"143",143,0.00743709179160468,0.000224240189901996
"144",144,0.0151527249800586,-0.000263564336889818
"145",145,0.00430481353416148,-0.000313692935490682
"146",146,0.0124240141295383,-0.000240987769682271
"147",147,0.00998354106827763,-4.23511617834801e-05
"148",148,0.00899026072571018,-0.000422802908384052
"149",149,0.0072415133127974,-6.40037825606035e-05
"150",150,0.00937840958536769,-0.000455962331329213
"151",151,0.0141019711455199,-0.000212581799338456
"152",152,0.00901059992598152,0.000184794654859443
"153",153,0.00713360451706338,4.83293106059968e-05
"154",154,0.0115034999560785,-0.000181425009042187
"155",155,0.0118662317644611,-8.72873414020033e-05
"156",156,0.00359695851702961,-1.35427435049832e-05
"157",157,0.0112638863631736,-0.000171471222518093
"158",158,0.0106821657991323,-0.000101069672790341
"159",159,0.00546880472072535,-2.8626919727457e-05
"160",160,0.00951908717565532,-0.000192475073150488
"161",161,0.0132115107677723,-0.000120543985915352
"162",162,0.00736718090366757,-1.95929785970597e-05
"163",163,0.00392169491346908,-0.000107649302044485
"164",164,0.00872338951568512,-0.000191348499530249
"165",165,0.00717072286454955,-0.000163795530305125
"166",166,0.00180785781568088,-5.3316643095119e-05
"167",167,0.00901619560686554,0.000123054914924565
"168",168,0.0111812301848863,-0.000228024359802483
"169",169,0.00371839271391419,0.000131529072086534
"170",170,0.0058190247378848,-0.000108534822616518
"171",171,0.0170373567548028,-0.000219497262538467
"172",172,0.00228209723725073,-6.80460280593049e-05
"173",173,0.013589344480248,-0.000473902270253862
"174",174,0.00805417249809188,-0.00047915046294363
"175",175,0.00895814421547934,-8.03280980936783e-05
"176",176,0.00894875204401176,-0.000236558125329597
"177",177,0.00995002842188345,-0.000239163971374182
"178",178,0.00486151635143191,-3.6065841202447e-05
"179",179,0.00234199842512546,-6.21593982406291e-05
"180",180,0.00463370403301364,-0.000118144800698267
"181",181,0.00582450071798656,4.9230917853596e-05
"182",182,0.00793584375523878,-0.000354201231474161
"183",183,0.00505714599835897,-0.000267969641245262
"184",184,0.0133622797496682,-0.000182495139973994
"185",185,0.0105489130879962,-0.000354198812658138
"186",186,0.00624411496384427,-0.000138893628783984
"187",187,0.0118519523669911,-0.000171513727775909
"188",188,0.00539445260180878,-0.000371449411434018
"189",189,0.0103226942727335,-0.000398570016367003
"190",190,0.0084937683141321,-0.000135910830566133
"191",191,0.00479642588232793,7.11267213170135e-05
"192",192,0.00847960905152415,-0.000114921470896449
"193",193,0.011952906791629,-0.000234234694756267
"194",194,-0.000848319363592938,8.56663474844219e-05
"195",195,0.0088073390520698,-9.7098268618898e-05
"196",196,0.00803815328628152,-0.000316055024721974
"197",197,0.00895214609176035,-0.000375341168597668
"198",198,0.00902261842786903,-0.000131919883236765
"199",199,0.00433967789564103,-0.000200416531094121
"200",200,0.00425428209006759,-0.000233619534652978
"201",201,0.00432708258193109,-0.000154180444514869
"202",202,0.00493171338449264,-0.000290885941944557
"203",203,0.0110606362423331,-0.000318051015571697
"204",204,0.0147127437039977,-0.000483501828319122
"205",205,0.0149995813535042,-0.000212712751883161
"206",206,0.0123306488465262,-0.000157026544741706
"207",207,-0.000715324929148553,-8.16835174799682e-05
"208",208,0.00834527017169542,-0.000176267387382771
"209",209,0.00375374417474908,-0.000148756490410154
"210",210,0.00509533480163959,-0.000312893895264182
"211",211,0.00836236181402576,-0.000145845195561763
"212",212,0.0067550346900358,-0.000183654820337855
"213",213,0.011434875674922,-0.000490846832992184
"214",214,0.00922699450075216,-0.000198445015211743
"215",215,0.00709883807368384,-9.07989485248008e-05
"216",216,0.00693379273838009,5.89324668210212e-05
"217",217,0.00026576146195566,0.000252563133435987
"218",218,0.0123521851747939,-9.18121253544535e-05
"219",219,0.00300488421358403,-0.000381806211788634
"220",220,0.0114671721456108,-0.000232197552527368
"221",221,0.00789386024392312,4.75912259857122e-05
"222",222,0.0129810906293716,-0.000255275737376765
"223",223,0.00349657715185015,-0.00026628240438598
"224",224,0.011240501427722,-0.000453656157093291
"225",225,0.00698558476360145,0.000162606363653663
"226",226,0.00911523171898146,-0.000319752717658688
"227",227,0.0113178267519799,-6.54853759013873e-05
"228",228,0.0122828994548006,-0.000120352614606467
"229",229,0.00149592254111033,-4.13724496109972e-05
"230",230,0.0074055595418809,-0.000113242685456839
"231",231,0.0035587602812145,-0.0002633902405821
"232",232,0.00904605093514093,-1.73720654755688e-06
"233",233,0.0104230927760814,-3.44970258879541e-05
"234",234,0.00139802496592519,-7.39077569770377e-05
"235",235,0.0120827174335143,5.16048619365236e-05
"236",236,0.00917937948743201,-0.000293871610122701
"237",237,0.00903724813936635,-0.000146046461354448
"238",238,0.00550242902445616,-0.000253760599823179
"239",239,0.00256217183173711,-6.91585219715679e-05
"240",240,0.0108680381013143,-4.66183837446582e-05
"241",241,0.00875190047227704,-0.000175890609633675
"242",242,0.00418252810276486,0.000160391707814471
"243",243,0.0103738423468551,-0.000229103922764557
"244",244,0.00520327189453151,-9.30404158990609e-05
"245",245,0.00299512968033427,8.81703845813868e-05
"246",246,0.0124498252002423,-0.00011735940091407
"247",247,0.00562302347379189,9.67852971059137e-05
"248",248,0.00974168624259137,4.7417090370774e-05
"249",249,0.0053942165738954,-0.000326255544233585
"250",250,0.0154813353416617,-0.000152260908787444
"251",251,0.0139347002352874,-0.000131688090691577
"252",252,0.00536158404140009,6.45805092652076e-05
"253",253,0.0001205302860473,-0.000228701978733223
"254",254,0.00786408670189851,-0.00032616369685517
"255",255,0.0170730020290365,-9.42694219372206e-05
"256",256,0.00839972588799194,-0.000275810256966975
"257",257,0.0020598019820589,-0.000240508756658996
"258",258,0.0134022869034743,-7.58813556497342e-05
"259",259,-8.17027548901609e-05,-2.78899131706196e-05
"260",260,0.0100964872364313,-8.45862336163106e-05
"261",261,0.00330388963776402,-0.000146504543176416
"262",262,0.0110470122773049,-0.000243841582795125
"263",263,0.000254280088642612,-0.000282796061301618
"264",264,0.00919491640716236,-4.01495137568417e-06
"265",265,0.00761971614629482,-0.000189931712619198
"266",266,-0.000842204921141452,-9.79435974148769e-05
"267",267,0.0125816959838967,-0.000113875720772512
"268",268,0.010267135200862,-0.00047745865169047
"269",269,0.0125709791197781,-0.000453276179462947
"270",270,0.0114929365594102,-0.000169333366248737
"271",271,0.005044370333442,-0.00021967345735614
"272",272,0.00907670697778201,-0.000168432315274324
"273",273,0.0125342464190681,7.07333260527619e-05
"274",274,0.00473120651138446,-0.000226833895256723
"275",275,0.0144756679645192,-0.000300844963174039
"276",276,0.0124142348484682,-0.000407844156094907
"277",277,0.000950978491443735,-9.63660051481401e-06
"278",278,0.00459912842617164,0.000176649211207588
"279",279,0.00892456536815294,-0.000117245138376857
"280",280,0.00673398900446855,-0.000197431703010634
"281",281,0.00864847800151232,-0.000202527767612643
"282",282,0.0144934224626907,-0.000390349915545852
"283",283,0.0133470216779065,-6.92953537680113e-05
"284",284,0.00215264230262379,-0.000160976053275666
"285",285,0.00807083390283313,-8.23032812752273e-05
"286",286,0.00989824620893313,-0.000184235582488202
"287",287,0.00809973067672642,-0.000118016673284492
"288",288,0.00656665519542566,7.18306621804532e-05
"289",289,0.0139154264651126,-0.000224029789086109
"290",290,0.0110475141171378,9.66701685348882e-05
"291",291,0.00198314587837421,-5.3696791969957e-05
"292",292,0.0123967725314116,-7.77622904993795e-05
"293",293,0.00659408934888463,-0.000250661431068503
"294",294,0.00509562416618277,4.34240218960328e-05
"295",295,0.00821590286483974,-0.000305137382203987
"296",296,0.0050991453227312,-6.27396723600016e-05
"297",297,0.00965889808438936,-3.46916874302148e-05
"298",298,0.010820650052483,-0.000468342825793726
"299",299,0.00956542471035275,-0.000174724239577512
"300",300,-0.000267465890636015,-0.000303173051899381
"301",301,0.00389530588899653,-0.000203438829418025
"302",302,0.008247596299236,-0.000475474948996995
"303",303,0.00105231153200946,-0.000149810845867862
"304",304,0.0103750875361233,-0.00056291920013748
"305",305,0.00834950787614647,0.000122178751975263
"306",306,0.00705527751569037,-6.21325502498369e-05
"307",307,0.00566396255684356,-3.54713357330897e-05
"308",308,0.00925392145769987,-0.000129279621324331
"309",309,0.00150067952439836,-0.000111753276214034
"310",310,0.0062900972908673,-0.000111209467433129
"311",311,0.00726759802908128,0.000105125619392013
"312",312,0.00747264478646852,-0.000223751238473991
"313",313,0.00448051385333731,-0.00017937654962132
"314",314,0.010006253502579,-0.000314713922616896
"315",315,0.0109103214520674,-7.33357834678055e-05
"316",316,0.00666647941880907,4.29466646033218e-06
"317",317,0.0172667051203216,-0.000244354041564145
"318",318,0.0105351013855564,-5.37254981646204e-05
"319",319,0.0124338230012309,-0.000214994128909721
"320",320,0.0111995141188267,-0.00011192511923
"321",321,0.00945256119757046,-0.000226712560775891
"322",322,0.0143384000325497,-0.000200317100535759
"323",323,0.00992314290000838,-0.000286475607875981
"324",324,0.0093319517257894,-0.000128519429332446
"325",325,0.00811975128771975,-0.000108996905923687
"326",326,0.0122074708047126,-0.00040169131332012
"327",327,0.00309526614849402,9.88710314386388e-05
"328",328,0.00856871645828189,-4.37532442932741e-05
"329",329,0.00395685670432384,-1.1918148945187e-06
"330",330,0.00806382967922623,-0.000142558657524171
"331",331,0.00579366948978366,-0.000202049574822356
"332",332,0.00502034254872988,-2.17505110926507e-05
"333",333,0.00485389573950897,-0.000114593349205795
"334",334,0.00879541173006474,-0.000202271905580832
"335",335,0.00929721764487845,4.14809038117573e-05
"336",336,0.00541174489073211,-0.000231687926368524
"337",337,0.00213007338477195,-9.78379393109604e-05
"338",338,0.0119748601743574,-0.000384575483500635
"339",339,0.00424741235295493,-0.000194621343767885
"340",340,0.00641090432457315,-0.000154376474026752
"341",341,0.0101536106385561,-0.000151390715273696
"342",342,0.00915606143763853,-0.000230795705559173
"343",343,0.00271348968420314,-8.77524759749092e-05
"344",344,0.0103913165936637,-0.000240950363206417
"345",345,0.00314901953234983,5.36073146087412e-05
"346",346,0.011045064374961,-7.63417363682775e-05
"347",347,0.0042220998392711,-5.3326955294375e-05
"348",348,0.0104818460536269,-0.000300740382228235
"349",349,0.00781814987131998,8.71919692720369e-05
"350",350,0.0129088199248375,-0.000195543445481538
"351",351,0.0100541887817664,-6.56478179457538e-05
"352",352,0.0111168233803324,-6.03185511969596e-05
"353",353,0.00826819206248719,-0.000417193105593533
"354",354,0.0101352140500467,-0.000214947994207896
"355",355,0.0147627497151574,-0.000676800831056019
"356",356,0.008445740347792,-0.000179831275277209
"357",357,0.00719378190772446,1.27977115629788e-05
"358",358,0.013164599733209,-0.000282179731340795
"359",359,0.0117083584860029,-0.000139280181935415
"360",360,0.0125171482114812,-0.000357802361214104
"361",361,0.00578772623552747,1.31160713590814e-05
"362",362,0.0111473989087301,-0.000222268598582465
"363",363,0.00889306391614826,2.71128804090395e-05
"364",364,0.0040651735594603,-0.000137739727363479
"365",365,0.00723305109221504,-0.000111757062593695
"366",366,0.00979869252136518,-9.11170127512855e-05
"367",367,0.00996730901944941,-5.68069988190734e-05
"368",368,0.00402457333744637,-0.000136887694363663
"369",369,0.00795654628524404,-0.000389103160434003
"370",370,0.0138391591352218,-0.000148947466530857
"371",371,0.0113188610295389,7.87163706442602e-05
"372",372,0.00905741495762791,-0.000152809750649427
"373",373,0.00398125096750867,-0.000166894010474688
"374",374,0.00789996589960453,-0.000257127976257939
"375",375,0.00664884159536105,-0.000383223493319533
"376",376,0.00528676539034033,6.48386791609215e-05
"377",377,0.0106167390385506,-0.000327669260600841
"378",378,0.0117066391090424,-9.53140743798984e-05
"379",379,0.00504601789171412,-4.88360275935947e-05
"380",380,0.0128244441747453,-0.00032710807561411
"381",381,0.0153954601704652,-0.000322499784426215
"382",382,0.0114005180266548,-2.31593322118806e-05
"383",383,0.0042825241289435,-0.000564967675049187
"384",384,0.0110327269776249,-0.000245474720107797
"385",385,0.00948976632710812,-6.57631000897015e-05
"386",386,0.0143263390687321,-0.00020897632393564
"387",387,0.0066699949386078,0.000101888334169511
"388",388,0.0110002942236919,-1.2609266861137e-05
"389",389,0.00840049977174673,-0.000117947869963026
"390",390,0.0107902295634047,-0.000502612307666426
"391",391,0.00905621446238341,-0.00023505705395903
"392",392,0.00746472460170378,-0.00031518494468736
"393",393,0.00603292406020294,-0.000175820373772181
"394",394,0.00853476465054683,-7.73507569146757e-05
"395",395,0.00545969037554473,5.11667787439809e-05
"396",396,0.00225924834186977,-0.000117471814949497
"397",397,0.00482489766722273,-4.01662632176444e-05
"398",398,0.00601878881909126,-0.000231724916705063
"399",399,0.00739605484402094,-7.93528743264312e-05
"400",400,0.00157631936417669,-6.95408935410713e-05
"401",401,0.00534675469887056,-0.000319678998142857
"402",402,0.0102798427029671,-0.0003136890709724
"403",403,0.0113457491293304,7.82608150696281e-05
"404",404,0.00425746816445544,-0.000384401993662649
"405",405,0.00442891955149878,-0.000158596971668466
"406",406,0.00402074307826049,0.000251798804911277
"407",407,0.00430388503423568,-0.000276478817750751
"408",408,0.0110789491130015,-8.38675348775487e-05
"409",409,0.00966587649683567,-0.000201825745087102
"410",410,0.0106279907655685,-8.90134357912812e-05
"411",411,0.00909949157617586,-0.000255879417032281
"412",412,0.00820982862650699,-0.000154743736298239
"413",413,0.0106179554246249,-0.000153627767100372
"414",414,0.0108621087694697,2.25665509972057e-05
"415",415,0.00868947140588149,-0.000437229133922008
"416",416,0.0077168756573677,-0.000193111837516318
"417",417,0.010840233910169,9.23316646135096e-05
"418",418,0.0100295524024514,2.70690761966695e-06
"419",419,0.0124847514969541,-0.00010267448233755
"420",420,0.000492123458063826,-3.18375661019459e-05
"421",421,0.0135079686803325,-9.16302957534572e-05
"422",422,0.0119528956098881,0.000126627546092792
"423",423,0.00584903913392001,-0.000280836210985304
"424",424,0.00235636104849009,-4.220684752879e-05
"425",425,0.00872771425617416,-0.00035445356254244
"426",426,0.00872318893854246,8.26933141801713e-05
"427",427,0.00466838093234859,4.9573415588759e-05
"428",428,0.00372272920995176,-0.000249684814750041
"429",429,0.0137306919014887,-0.000163807510812095
"430",430,0.00726190947199615,-0.000239168918921836
"431",431,0.00337064698322597,-0.000335845168774308
"432",432,0.019926194017924,-0.000175823881656913
"433",433,0.00734288506861104,-0.000183170566082977
"434",434,-0.00131937961935033,4.19671346840684e-05
"435",435,0.0082941343592318,-0.000153611118410355
"436",436,0.00995206547172589,-0.000390707721124549
"437",437,0.00857025031012057,-1.71912546432491e-05
"438",438,0.00205531506381403,-0.000175450502117327
"439",439,0.0126097401578932,-0.000282707961749179
"440",440,0.00281845284162366,-0.000132278674313975
"441",441,0.00592137144301286,-0.000324708011623739
"442",442,0.00940022956022099,1.39869528676357e-06
"443",443,0.000861689277423188,-6.72258076461753e-05
"444",444,0.0123235700169708,-0.000155436489466208
"445",445,0.00445360306215518,9.26922755849483e-05
"446",446,0.00259014660974685,-0.000114367264447147
"447",447,0.0101555404534534,-0.000110112708052822
"448",448,0.010742966843087,3.36580399792726e-05
"449",449,0.0185816437185555,-0.000315985431619384
"450",450,0.00453148881938109,7.633359884938e-06
"451",451,0.00227050863546108,-4.32677652478602e-05
"452",452,0.0103301473760619,-3.29496400239866e-05
"453",453,0.0138774823403591,-2.16365444022335e-05
"454",454,0.0107957802156768,-0.000151182887477054
"455",455,0.0105634496375203,-3.42779717455154e-05
"456",456,0.0148429578285114,2.39724409387414e-05
"457",457,0.0105880896020686,-0.000515350635829794
"458",458,0.00971985830448768,-0.000279698715095251
"459",459,0.0115111260781776,-0.000341989963288165
"460",460,0.00724047189820579,-0.00019814758809796
"461",461,0.00183572204489079,0.000215330903500134
"462",462,0.00971330065350553,-0.000369616704959334
"463",463,0.00147556268545171,3.15922126147968e-05
"464",464,0.0160690756906454,-0.000257871000174853
"465",465,0.00570893863852292,-0.000125071661795598
"466",466,0.0109134663425124,-5.17159042930367e-05
"467",467,0.0070570853914639,-0.000156635997307388
"468",468,0.0106794385138013,-0.000158090539160115
"469",469,0.0139691549552645,5.24491208893936e-05
"470",470,0.0122798094688185,-0.000112582476273951
"471",471,0.00934671305999454,2.86585753733135e-05
"472",472,0.00869678818970792,-0.000119201053838659
"473",473,0.00832985531633821,-0.000425519826151789
"474",474,0.0092253798005381,-0.000211651270854345
"475",475,0.00194691834067678,-5.0018734341082e-05
"476",476,0.00776079097695267,-0.000373868695381827
"477",477,0.00963002234669723,-0.000236344376407577
"478",478,0.00799690728442666,-0.000163979696893506
"479",479,0.00694362454598598,-0.000257234891485251
"480",480,0.0150469708307826,-0.00053056268774662
"481",481,0.00466424181459879,-0.000439556073360395
"482",482,0.0119287946660853,9.89978310351878e-05
"483",483,0.0170520298918137,-0.000363895388368617
"484",484,0.00477246096914351,-9.23429340659775e-05
"485",485,0.0080859025183416,-0.000221758157756295
"486",486,0.00398569314125854,-4.21986218741557e-05
"487",487,0.0116748478729032,-0.00029103946743196
"488",488,0.00834782116140315,-0.000258721669131556
"489",489,0.00772996189456172,-2.43019393135188e-05
"490",490,0.0109086480047338,-9.96049571282035e-05
"491",491,0.00473197649870993,-9.50780016644203e-05
"492",492,0.00953367801121003,-0.000120347339884591
"493",493,0.00367637962205086,-2.83048382823897e-05
"494",494,0.0152670318124538,-0.000357594264991995
"495",495,0.00827961685815125,-0.000241942577916882
"496",496,0.01362510730707,-0.000292954539593572
"497",497,0.00383086642199696,-0.000235997219188243
"498",498,0.00745916496575646,-0.000106297368182821
"499",499,0.00602337740189327,-0.000180603913182173
"500",500,0.00582984760464411,-0.000148117554086479
"501",501,0.0041409699822265,-0.000178322041252544
"502",502,0.0105844169864877,-0.000290896674754736
"503",503,0.00316390340832598,-8.56030969128996e-05
"504",504,0.00772965663713326,-0.000162166082640968
"505",505,0.0110988463692604,-0.000516437784103971
"506",506,0.00925433008038135,-0.000101845379037371
"507",507,-0.00214527775873919,9.83900034145838e-05
"508",508,0.0089028069860913,-7.20713803223487e-05
"509",509,0.00633192203295339,-0.000242406953763515
"510",510,0.00857882036365737,5.64676521500707e-05
"511",511,0.0049990578792214,-6.93375715870422e-05
"512",512,0.00726891520692146,-0.000240286701921136
"513",513,0.0117851303634614,-0.000152384622775236
"514",514,0.00341231933249512,-0.000169032020900418
"515",515,0.0117016993290824,-0.000239261922224677
"516",516,0.00760305817359605,7.34236012282769e-05
"517",517,0.0138370278622176,-0.000409758351619204
"518",518,0.003273211392927,2.20298739621085e-05
"519",519,0.00833499861240106,-0.000216654909622809
"520",520,0.00638547379503156,-0.000321551205301414
"521",521,0.0045960941718491,-0.000293142653572827
"522",522,0.0120717266454832,-0.000104646516787544
"523",523,0.00524768227929192,-0.000445687019777899
"524",524,0.0083559341487879,-0.000179121236779122
"525",525,0.00663216906189142,-8.42416021005388e-05
"526",526,0.00429219797014988,-8.2351682659635e-05
"527",527,0.0076255058392913,-0.000324760189595043
"528",528,0.0123353230830011,-6.43128454065811e-05
"529",529,0.0117945997360897,-0.000793240724134754
"530",530,0.0148291315515392,-0.000171748085463501
"531",531,-0.000203466737074352,-0.000103913599914169
"532",532,0.00777351248241973,-0.000217133790160823
"533",533,0.00750963247830634,-8.15374843825259e-05
"534",534,0.00188986600706744,-4.13718353991129e-07
"535",535,0.0082770702908037,-0.000350487014418698
"536",536,0.00753896851721685,-0.000167906821756913
"537",537,0.0115415047103697,-0.000289062543235927
"538",538,0.00658685046431201,-0.000186357390834853
"539",539,0.0152502754658108,-2.7796938002373e-05
"540",540,0.00519651413837668,-0.000145868352487827
"541",541,0.00900819692743422,-4.67183364238561e-05
"542",542,0.0140274693767066,-0.000407386437484179
"543",543,0.0109672761952721,-9.0407853108523e-05
"544",544,0.0101540618548332,-7.3636104295809e-05
"545",545,0.0122196541256948,-0.000250881219936065
"546",546,0.00892730482065169,-0.000118009275362331
"547",547,0.0064375632586571,-0.000365904991326041
"548",548,0.0058412879859787,-0.000102484206927277
"549",549,0.010478331659499,-0.000364936901113039
"550",550,0.0111999927476421,-0.000137282462903999
"551",551,0.00848436363696963,-0.000267445223704951
"552",552,0.0124257826272848,-0.000400344211529055
"553",553,-0.00232726260712567,-0.000171886778965149
"554",554,0.00748825673816734,-0.000269541933689872
"555",555,0.00640874964687765,-3.48178282600075e-05
"556",556,0.00872186605423683,-2.97787820358997e-05
"557",557,0.00415724414776597,0.000126525337216844
"558",558,0.00497042953187536,-0.000106444250981676
"559",559,0.0093979725680395,-0.000203788686002003
"560",560,0.0110409034105405,-0.000165682940800559
"561",561,0.0110998515429463,-0.000118744369781275
"562",562,0.00379672392037149,0.000104458801935196
"563",563,0.00658253572843535,-5.33599127665637e-05
"564",564,0.00693536178086385,7.60133742129715e-05
"565",565,0.0100264141161144,-0.000206116456549409
"566",566,0.00679539977698509,-9.95729095895202e-06
"567",567,0.00328755518538482,-0.000208142734335446
"568",568,0.00394303091089346,5.92961622922937e-05
"569",569,0.00458866530825599,-3.63509836145764e-05
"570",570,0.0114349715973623,-0.000204124814121089
"571",571,0.000518105522311259,-1.66593409116912e-05
"572",572,0.00617386407705743,-0.000205709575148711
"573",573,0.00390675516287044,2.43435657928245e-05
"574",574,0.00972244443058571,-0.000250780561736299
"575",575,0.0134301333148889,-0.000287825822916929
"576",576,0.00968447585467409,-9.35529825654097e-05
"577",577,0.00759726002298495,-0.000305896610107106
"578",578,0.00353881305815286,-5.43760274817283e-05
"579",579,0.013566870461332,-0.000339166634576792
"580",580,0.00461807093498418,-0.000157730607856049
"581",581,0.000329050274110127,-7.14217605617462e-05
"582",582,0.00720971780957382,8.99138080029163e-06
"583",583,0.00164176095219218,-6.64453325103779e-05
"584",584,0.00440957691658367,0.000109132919610119
"585",585,0.00418421127997901,-2.83343092235783e-05
"586",586,0.0126538188417007,-2.68898143995003e-05
"587",587,0.00977281027047263,-0.00013249303948644
"588",588,0.00773866965514605,-0.000160932673434382
"589",589,0.0120753072259872,-0.000190150989521728
"590",590,0.00606258539856099,-7.82801731968631e-05
"591",591,0.00896531404191731,-0.000126532486859551
"592",592,0.0105178553458258,-0.000114976607884297
"593",593,0.00550087245191051,-0.000353190362998164
"594",594,0.00476481670897839,4.32041808719371e-05
"595",595,0.0061357598188058,0.000109096238719879
"596",596,0.0150110423303145,-0.000517183473697618
"597",597,0.00767821183529437,-0.000384921476356981
"598",598,0.0115499200789081,-0.000215109172480914
"599",599,0.0163914131591675,-6.91671941281649e-05
"600",600,0.0122162212752195,3.09920692811994e-05
"601",601,0.0122425231145253,-0.00013610398118673
"602",602,0.0134416405362439,-0.000309235919071207
"603",603,0.00805067800587186,-0.000323717398926352
"604",604,0.0067378381450864,5.82733030301081e-05
"605",605,0.00955015880139484,-0.000227060171867949
"606",606,0.0101574503243048,-8.49501959449479e-05
"607",607,0.00962148416170791,-0.00032952413136453
"608",608,0.00860036892996404,-0.000121705420740144
"609",609,0.0097137517480391,-0.000208552437378471
"610",610,0.00619646822859821,-6.9334606953539e-05
"611",611,0.00788086909964467,-0.000394050799703856
"612",612,0.00391792759714247,-1.36951525531946e-05
"613",613,0.00409864311337402,-0.000210206163443154
"614",614,0.00806054218596713,-0.000269414000303905
"615",615,0.0123415272503955,-0.000239621653756653
"616",616,0.00283967301300383,-0.000170710806679084
"617",617,0.00438095106113516,-0.000292449228947704
"618",618,-0.000401990858820745,0.000157142015170594
"619",619,0.00818333504218036,-1.02079723953454e-05
"620",620,0.00357133943836622,-4.83140786373526e-05
"621",621,0.00732426795994251,0.000166393616227847
"622",622,0.00945181544701054,-9.16516866925127e-05
"623",623,0.00644038290387497,7.73347169350182e-05
"624",624,0.0119091059977569,-2.52624757893361e-05
"625",625,0.00121783036546047,-7.32210571927496e-05
"626",626,0.00713873635421763,-9.46268059805042e-05
"627",627,0.0123990950569598,-0.000386047890560463
"628",628,0.00543468409584426,5.12778889023448e-05
"629",629,0.0085410036870756,-0.000380216382535582
"630",630,0.0058802624745647,-1.72199027270466e-05
"631",631,0.0145164850056387,-0.00021196442533085
"632",632,0.00690576273923949,-0.000200081935483116
"633",633,0.00631356120964314,-5.95016082519439e-05
"634",634,0.0106341403185051,-8.17771320198972e-05
"635",635,0.00963187350155194,-0.000104733596095989
"636",636,0.00483787559698243,-6.88946546680186e-06
"637",637,0.00951319720115758,0.000114586679183585
"638",638,0.0123109949943816,-2.60606371954762e-05
"639",639,0.00835437642362702,-0.000127722261912998
"640",640,0.00719000413282832,-0.000213333053579932
"641",641,0.00893315575450936,-0.000254064296857855
"642",642,0.00809146351035218,1.04346902585502e-05
"643",643,0.00872896209659192,-0.00034991692975408
"644",644,0.00870683331260248,-0.000364329887115466
"645",645,0.00805160448933614,-0.000177949993698278
"646",646,0.0120477323563784,-9.52448523794472e-05
"647",647,0.011516947146995,-0.000355015396953372
"648",648,0.000805624939009675,-2.29490665827659e-05
"649",649,0.0146985610751054,-0.000464645377743677
"650",650,0.00699520954496543,-4.9804048279275e-05
"651",651,0.00537521351633153,-0.000172880638444736
"652",652,0.00799137591708927,-3.03356377484243e-05
"653",653,0.00689913896019303,-0.000365089416508609
"654",654,0.0101354416699117,-0.000259567539635857
"655",655,0.00774492839061123,-0.000141741553169054
"656",656,0.00619436157493925,1.13285865881791e-06
"657",657,0.00197289445907059,3.09146317632598e-05
"658",658,0.00827998058337937,-9.45062724027832e-05
"659",659,0.00948035777320018,-7.88537519785958e-05
"660",660,0.00573709486980209,-0.000151083244120017
"661",661,0.0127377068176699,1.97214149098655e-05
"662",662,0.00712581046358749,-0.000161183226313505
"663",663,0.00640665681962066,0.000178473729720856
"664",664,0.00037721101701562,0.000192284300463993
"665",665,0.0147873377877417,-0.000190577658659054
"666",666,0.00714076770129678,-0.000268368095559241
"667",667,0.0104872227263686,0.000166736550877535
"668",668,0.0154396153891175,-0.000188035364559349
"669",669,0.00433074213608547,-0.000119950094554001
"670",670,0.00608802396456593,-2.49830389492623e-05
"671",671,0.0136135006507907,-0.000354715923820083
"672",672,0.00657976742402071,0.000221499004811905
"673",673,0.00156958353776817,-1.58258718931654e-05
"674",674,0.00853468842447123,-4.59611238191875e-06
"675",675,0.00904597208649622,-0.000128807907432987
"676",676,0.00739250006321846,0.000134040975516283
"677",677,0.0130410691636322,-0.000270754334060243
"678",678,0.0105881833324614,-0.000257190618587284
"679",679,0.0146405037180014,-0.000193898917551977
"680",680,0.00809288396115726,0.000149887846516165
"681",681,0.00580245369949915,-0.00038481669630507
"682",682,0.00835567187523086,-0.000129296842997547
"683",683,0.0100642944186885,1.14087015198748e-05
"684",684,0.00599346631651578,-3.21365054301808e-05
"685",685,0.00946320336129344,-0.000139602419075887
"686",686,0.01483967304107,-0.00013642081156819
"687",687,0.00549964424605049,-0.000124046190193048
"688",688,0.00962786607487158,-0.000148264963750393
"689",689,0.0170544243137983,-0.000453145625513444
"690",690,0.0104315174252038,-0.000158678367048641
"691",691,0.0107844212909805,-3.65699066191627e-05
"692",692,0.00319920431815652,-0.000216154491134106
"693",693,0.00542147112285173,-0.000120542088654161
"694",694,0.0090704354354663,-6.79098305422819e-06
"695",695,0.00398751549803062,-4.59644387775914e-05
"696",696,0.00740552310646027,-0.000269480482884144
"697",697,0.00688378764340129,-3.79853210423172e-05
"698",698,0.00752145175816341,-0.00018910506969624
"699",699,0.00356161373212663,6.51239432990527e-05
"700",700,0.0101899297346286,-0.000117046314008649
"701",701,0.00847103543637124,-0.000161090399458479
"702",702,0.0148626169445376,-7.9953514581995e-05
"703",703,0.0106747977507499,-0.000561171413720718
"704",704,0.0103801891651879,-7.42138490697327e-05
"705",705,0.0060908552860279,-3.54810239871568e-05
"706",706,0.00588105295496414,-0.000257774900387838
"707",707,0.00476921685171288,-9.59609396409012e-05
"708",708,0.010053682210308,-7.27007823515719e-06
"709",709,0.0180836140893051,-0.000244287400235646
"710",710,0.0102992714883199,-0.000261932000643901
"711",711,0.00631412413182618,-0.00042656872387044
"712",712,0.00889106425296649,3.79461731407488e-07
"713",713,0.00594455350928982,-0.000464011757598505
"714",714,0.0106633574257031,-5.11703925318824e-05
"715",715,0.00809280090551327,-0.000162416933938565
"716",716,0.00790919801543819,-0.000170531376556369
"717",717,0.00656895492051907,-0.00038079359921644
"718",718,0.0124456709599525,-9.35091325229526e-05
"719",719,0.00607202318754021,-0.000136317372389557
"720",720,0.00548355558282429,-0.000128962737320006
"721",721,0.00412866053521428,-5.76102427973622e-05
"722",722,0.00762357818765319,-0.000288027671355198
"723",723,0.00408033771291611,5.03426141692472e-05
"724",724,0.00217017818023352,-0.000270168109136853
"725",725,0.00867527791576351,9.71023201015682e-05
"726",726,0.0065307886764711,-0.000219751670567377
"727",727,0.00436165694508175,-0.00013887447846523
"728",728,0.007279794730103,-0.000389841316873975
"729",729,0.0126859852038791,-0.000123400918999781
"730",730,0.00273778692011203,-0.000203994725749292
"731",731,0.00490829554213154,-3.79263239913211e-05
"732",732,0.012497673159071,-9.77582142965097e-05
"733",733,0.0145963367695329,-6.3955680822179e-05
"734",734,0.00943968852859876,-7.81730054167601e-05
"735",735,0.00731438761099741,-0.000158790057102254
"736",736,0.00740080286171197,-0.000189484825050517
"737",737,0.0132547869052642,-0.000107965284227027
"738",738,0.00079533335809417,5.72674810130975e-05
"739",739,0.0061443803120516,-0.000124888680884266
"740",740,0.00271816560925358,-7.84349085852409e-05
"741",741,0.0110065260492348,-5.45332215728296e-05
"742",742,0.00894010445466905,4.03306091571129e-05
"743",743,0.00995913085722812,-0.000410744065151237
"744",744,0.00276168378688547,-0.000153485252272009
"745",745,0.00639582170972272,-0.000291467439272511
"746",746,0.0100346708241233,-0.000231508552759466
"747",747,0.0139718886945047,-0.000311496792082688
"748",748,0.00256171625609081,0.000211192833357191
"749",749,0.00781313710474889,9.5131218551244e-05
"750",750,0.00318790532983258,-1.56885112709451e-05
"751",751,0.0143789020187033,-0.000259749428537533
"752",752,-0.00182946745989806,0.000190040218885191
"753",753,0.0118806887022736,1.38101816312572e-05
"754",754,0.00997305774350898,3.3849847549337e-06
"755",755,0.00909117189816488,0.00013467264031916
"756",756,0.00437478202997034,-7.02226669463521e-05
"757",757,0.00321997606962986,-4.28333285891394e-05
"758",758,0.00629180442689028,-1.14220017107176e-05
"759",759,0.0106894659246855,-0.000485271165144803
"760",760,0.00751166679319536,-9.54978359947892e-05
"761",761,0.00328068387259615,-0.00016594619284017
"762",762,0.00892177114728163,-0.00041732187054521
"763",763,0.00505083480079737,8.44216222499651e-05
"764",764,0.0114298713484479,-0.000102083300563208
"765",765,0.0104098112305531,-0.000156959188649487
"766",766,0.0128708590631725,-0.000336746580215735
"767",767,0.0110165224090925,-0.000163559590202521
"768",768,0.00858150230651767,-0.000300894292965549
"769",769,0.00776894028318489,-0.000189528019377595
"770",770,0.00727481332876899,-2.88854896404546e-05
"771",771,0.00760263253278825,9.37615498337581e-06
"772",772,0.00506715089254785,-0.000349669658903376
"773",773,0.00704660536504176,4.78088756669901e-05
"774",774,0.00788623371060375,-0.000292960931984222
"775",775,0.0152595214730025,-0.000343477526249344
"776",776,0.00933709249876946,-0.000273429585814817
"777",777,0.0138676750645672,-0.000264212236729439
"778",778,0.0106309635486149,-0.000254877146386308
"779",779,0.0148644888565556,-0.000627573370819759
"780",780,0.00837383961064173,-0.000235613469768766
"781",781,0.00839032829064675,-6.19997649448313e-05
"782",782,0.00933496317464511,-0.00011692711560419
"783",783,0.0126202475946628,-0.00019201001989372
"784",784,0.00985553002907906,0.000152961002457989
"785",785,0.0114059120780462,-0.000176647844768654
"786",786,0.00945773823892708,-5.6177089269655e-05
"787",787,0.00488053569357401,9.82592375070266e-05
"788",788,0.00914791518053331,-0.000447468004910385
"789",789,0.00392583472574006,-0.00013787041893887
"790",790,0.00343458516710415,0.000126499045760918
"791",791,0.00787402236578527,7.14306597875724e-06
"792",792,0.0138215631023575,1.92960701873152e-05
"793",793,0.0143013936726044,-0.000402858877178012
"794",794,0.00980710444935824,-0.000147031799403835
"795",795,0.0094349791424602,-9.81160662550031e-05
"796",796,0.00385165914047159,-0.000113100735995756
"797",797,0.00860138831259779,-0.000178760132024812
"798",798,0.00825965922247452,-0.00011253526391507
"799",799,0.0102540818407977,2.45228917570775e-05
"800",800,0.00275542112636659,-0.000174865411567486
"801",801,0.0102768334305548,-0.000103402517332252
"802",802,0.00808561302589602,-5.03592918394285e-05
"803",803,0.00398968635413492,-0.000165381060223384
"804",804,0.00880982087844578,3.40836957267568e-05
"805",805,0.0141524213124965,-0.000303705545211609
"806",806,0.00777960670159516,-7.47142380701439e-05
"807",807,0.00647980269631499,-0.000254510667258511
"808",808,0.00387386474236336,2.49055155556766e-05
"809",809,0.0111937307979096,-8.11131685987622e-05
"810",810,0.00409183067135481,0.000132910092728298
"811",811,0.0125837565581613,-6.69307728454231e-05
"812",812,0.0104929947528111,-0.000165030859966845
"813",813,0.0112287242085863,-0.000234256507952606
"814",814,0.00448805161371156,-2.31399921170103e-06
"815",815,0.00413284837243897,0.000140972646771034
"816",816,0.00604714162183975,3.9358091658627e-06
"817",817,0.0148768392180046,-0.00025569292343744
"818",818,0.00304748787401078,-2.288191969247e-05
"819",819,0.00515409891893068,6.42433289344479e-05
"820",820,0.0143446130276405,-0.000300466338020239
"821",821,0.00478267242450814,-9.72943984340824e-05
"822",822,0.00792750960386344,-0.000137409497826594
"823",823,0.00539133411318583,-4.37912279550483e-05
"824",824,0.00644854814255999,-7.83931641750624e-05
"825",825,0.00369454352327783,-4.11684008041749e-05
"826",826,0.00736003335828375,3.11166830741371e-05
"827",827,0.00564348601405462,-0.000165403166692436
"828",828,0.0092299499429913,-9.57370061284518e-05
"829",829,0.00888460941301192,-0.000385940286866167
"830",830,0.00899234147776624,-0.000134432001527648
"831",831,0.00906545799714602,-0.000229770738114176
"832",832,0.00159707679521613,-0.000240815405804902
"833",833,0.0141474887508765,4.86139171571325e-06
"834",834,0.0137486071868645,-2.48642664739198e-05
"835",835,0.00901880770201938,-0.000340426765584729
"836",836,0.00439865235097276,-7.10370951418171e-05
"837",837,0.00705096150578857,-0.000184064053794954
"838",838,0.016886353873602,-0.000182446524779491
"839",839,0.00422807543599038,0.000187488501967232
"840",840,0.00683534524929134,-0.000205132568188717
"841",841,0.0116384175401177,-0.000319490014855694
"842",842,0.0102317672926451,-0.000200378405816957
"843",843,0.00641148358833937,6.8821951593674e-05
"844",844,0.00559185920360124,-0.000343737576139746
"845",845,0.00216232799930507,-0.000315168737984823
"846",846,0.00627648939106312,-0.000331085810020535
"847",847,0.0132259135352662,-6.56147517896093e-05
"848",848,0.00221438142015697,4.62916509280641e-05
"849",849,0.00467272119634683,-0.000201501156833137
"850",850,0.0141489851842998,-0.000363230677131806
"851",851,0.00251409644015421,2.37530208275617e-05
"852",852,0.00342438804353762,-0.000330581102541342
"853",853,0.0143453674164096,-0.000188999231863317
"854",854,0.0127827405605838,-6.71712122378275e-05
"855",855,0.0169053733969407,-0.00018263887603863
"856",856,0.00244769296944324,-6.76560612282779e-05
"857",857,0.0091390015631458,-0.000353125738365765
"858",858,0.0147204363282561,-0.000309354990006994
"859",859,0.00504581183941727,-0.00020696240023784
"860",860,0.00690908933823445,-3.18721870435144e-05
"861",861,0.00990462083388467,-4.18349118224384e-05
"862",862,0.00783800555654743,-3.38106543213176e-05
"863",863,0.00994056953129053,-0.000205513128539215
"864",864,0.00889268040464647,-0.000535793308554621
"865",865,0.00779775140813166,-0.000413446396948929
"866",866,0.00784392265348659,-0.00016550412823268
"867",867,0.00795950343348293,-0.00015992245739009
"868",868,0.00304775253571035,0.00010135796404995
"869",869,0.00755381284131945,-0.000176097342404989
"870",870,0.0108300926611255,-0.000161325268904941
"871",871,0.00883676364686481,-0.000251243791796742
"872",872,0.00209122043496751,-0.000142611867645565
"873",873,0.00774337727014638,-0.00014087658085013
"874",874,0.00865199621404531,-0.000153132596472805
"875",875,0.00781236159850452,-0.000238515645590232
"876",876,0.0116098108056727,-0.000145016357978382
"877",877,0.0080004888962172,-0.000129094310799293
"878",878,0.00867316221191631,-0.000174631555783685
"879",879,0.0130090836640902,-0.000293028893846657
"880",880,0.00784414229962106,-0.000319661492337715
"881",881,0.00310460697425588,0.000170292804855797
"882",882,0.00970151377175669,-9.0961140734945e-05
"883",883,0.00901878969361941,-8.04828780870454e-05
"884",884,0.00711950204713561,-1.74439053085078e-05
"885",885,0.00535421095750116,6.33164117533434e-05
"886",886,0.00846530196359469,-0.000412072352555688
"887",887,0.00977345476814798,0.000133279924660505
"888",888,0.0100612476004648,-9.04566773577572e-05
"889",889,0.00762872827385526,-0.000352707497382287
"890",890,0.0100561410408724,-8.04349866188304e-05
"891",891,0.00586569487745166,-0.000153545636576845
"892",892,0.0088788565948571,-7.94542398999973e-05
"893",893,0.00767107990784472,0.000208300384229266
"894",894,0.0111615961211321,-0.000310143847277966
"895",895,0.00395007350451011,-0.00019503755447283
"896",896,0.00391952968788636,3.2193425337301e-05
"897",897,0.0031496901052636,-0.000168906606279929
"898",898,0.0100412833265654,-6.84286533414899e-05
"899",899,0.0123234635432019,5.48718454835858e-05
"900",900,0.0073548685814233,-0.000247706647698622
"901",901,0.0132988429757575,-0.000163367179065125
"902",902,0.011723047765434,6.4533670457517e-06
"903",903,0.0115274969391153,-5.52759124313096e-06
"904",904,0.0105046078685775,-0.000163077866306981
"905",905,0.00515247354654369,5.80986611441349e-05
"906",906,0.00613457273180636,-0.000135421759054594
"907",907,0.00941585406392942,-0.000326775063338152
"908",908,0.010070148207227,3.2020733253982e-05
"909",909,0.0116968472779078,1.10150250790758e-05
"910",910,0.0117870684580071,-8.68548380220735e-05
"911",911,0.00267561512925348,-0.000143146834405256
"912",912,0.00586976012017029,3.43156571744321e-05
"913",913,0.00556331189226604,-0.000138869064641873
"914",914,0.00877087123175154,-0.000314635278465163
"915",915,0.00522458822690407,-0.00023570138816143
"916",916,0.0108844276850615,-1.95494850996925e-06
"917",917,0.00838237516409317,-2.02335686349134e-05
"918",918,0.0154096134758504,-0.000133545071097231
"919",919,0.0101494231098036,-7.61642408061984e-05
"920",920,0.0184762172508228,-0.000552785158658661
"921",921,0.00467976882594301,-0.000119145970079651
"922",922,0.0108942843047053,-0.000181344809104114
"923",923,0.00832397605318334,-7.48018003080263e-05
"924",924,0.0121404461713399,-0.000342250549178707
"925",925,0.00165883891129087,-0.000134453750539382
"926",926,0.00918661746878354,-0.000232190845133071
"927",927,0.0188445739983517,-0.000367131788967987
"928",928,0.00592168105158332,-0.000292053745752844
"929",929,0.00765355770302904,-0.000256231630032898
"930",930,0.00917969454261745,-3.64537451255888e-05
"931",931,0.00838703387070652,6.65469690129001e-05
"932",932,0.0138690360206626,-0.000427457638239619
"933",933,0.0145767683806534,-0.000527226327069172
"934",934,0.0143769224181809,-0.000391624625137167
"935",935,0.00902160165915108,-0.000190647956316834
"936",936,0.0158478093388697,-0.000372335127896908
"937",937,0.0103562970546104,-0.000191300689230712
"938",938,0.00985936296427666,-0.000126630715745732
"939",939,0.0139604921745963,-0.000242591312844825
"940",940,0.00898577195058908,-9.4292929785113e-05
"941",941,0.00984857771315832,-0.000195285778771678
"942",942,0.00762202016382449,-0.000386423511393881
"943",943,0.00966611443968621,-0.000167918973490319
"944",944,0.00509067594002411,-0.000232714031346926
"945",945,0.00854141819845223,-0.000162881258379312
"946",946,0.0138011841847517,-5.34924681624523e-05
"947",947,0.00853252762208675,-0.000178533662934452
"948",948,0.0086514902459195,-0.000368864383971273
"949",949,0.0133685598120254,9.94470922704388e-05
"950",950,0.00665443598081187,4.44695429826923e-06
"951",951,0.0061025183180173,0.000134766201546058
"952",952,0.00465371783205509,-0.000283027090434566
"953",953,0.0101191137966298,-0.000231309437215466
"954",954,0.00684676558221886,-0.000185405487401568
"955",955,0.00123142666928514,-0.000207264534586816
"956",956,0.0101696616003964,-0.000207939878618828
"957",957,0.0113295507240717,2.56720806064039e-05
"958",958,0.0147365008293507,-0.000218511311363146
"959",959,0.00935230271943238,-7.74897077067428e-05
"960",960,0.00109147756997746,-0.000170938363526439
"961",961,0.00971426451260799,-0.000399688198757307
"962",962,0.00639552707007277,3.8787016568632e-05
"963",963,0.00749011262795549,-0.000400044774954478
"964",964,0.00107767456504534,5.20160198058364e-05
"965",965,0.00580874603492192,-0.000131647938246402
"966",966,0.00943686721744001,-0.000114804276261304
"967",967,0.0141920311121169,5.60319302726322e-05
"968",968,0.00962470469159644,-0.000241406460630121
"969",969,0.011516465771328,-0.000144060151372962
"970",970,0.00528322433003285,-0.000126672462838115
"971",971,0.00960818641491054,-0.00021536897867338
"972",972,0.00372138229637451,-7.12862410012484e-06
"973",973,0.0033842613757593,3.58630849020964e-05
"974",974,0.00163023504566733,-2.86794077534472e-05
"975",975,0.0086491130712448,-0.000154951837313596
"976",976,0.00776937947096773,4.21770549670099e-05
"977",977,0.00997820766697457,0.000139355785498377
"978",978,0.0146318794163813,-0.000132724610274697
"979",979,0.00160297665149148,-0.00026321218330891
"980",980,0.00651011500268046,-0.000150564019913245
"981",981,0.0162195224459828,-0.000461295560286486
"982",982,0.00666314899835618,-8.74685267614943e-05
"983",983,0.00686596571068635,-0.000185612686725817
"984",984,0.0110584406553478,-0.00026400150076211
"985",985,0.00958855670772606,-0.000219525450370933
"986",986,0.00415284638775862,-3.94037407203687e-05
"987",987,0.00391710968254127,-0.000193943553841523
"988",988,0.0057505442855756,-0.000103021250624568
"989",989,0.0114248847772993,-0.000107749096355883
"990",990,0.00421229029592066,0.000306970534500991
"991",991,0.00548999615321855,4.57311627010075e-05
"992",992,0.003927515444106,-0.000109152414755983
"993",993,0.010796803270693,-0.000321835643983812
"994",994,0.0105439792891172,-8.88274886357011e-05
"995",995,0.011914639714566,-0.000280448832751994
"996",996,0.00584634697017641,-0.000482113930387217
"997",997,0.00468134734562859,-7.01955719742123e-05
"998",998,0.0085799622546528,8.86023753593215e-05
"999",999,0.00592435999528359,-0.000101764884016793
"1000",1000,0.00948574868526327,-0.000129129515786589
