"","boot","coef_main","coef_interact","aic","adj_r2"
"1",1,0.00569709378766445,-0.000405319913646846,-9262.11433572901,0.198456113577397
"2",2,0.00830908296591702,-0.000567531751416781,-10992.2787565558,0.180044923258518
"3",3,0.00979343348761842,-0.000746419222857841,-17502.0647237229,0.195205201328177
"4",4,0.00999264964291091,-0.000796567842765298,-13125.3374090531,0.189563463485239
"5",5,0.00818385758442971,-0.000545508165822783,-9420.43851416062,0.179241160501467
"6",6,0.00918559332118992,-0.00064553245074714,-12434.5536162679,0.16740161948339
"7",7,0.0107003240070782,-0.000834759109334352,-12687.3369482133,0.183478888368143
"8",8,0.00603827597290308,-0.000493828599768332,-11959.7468046542,0.17561122075947
"9",9,0.00808584733438452,-0.000536108835228628,-17863.9191718478,0.197502760481355
"10",10,0.00677815336973623,-0.000348373948101693,-16345.9272033598,0.174832702815482
"11",11,0.00771151882355294,-0.00055059275725792,-15728.8886046908,0.18442339192578
"12",12,0.00631160612679562,-0.000459794304832531,-16949.5417553356,0.206411714834102
"13",13,0.00951922107977242,-0.00065271223397938,-8153.54050422162,0.153246056479499
"14",14,0.0101993501911362,-0.000697336436126722,-11654.85511676,0.179016678774675
"15",15,0.00738205600995708,-0.000448971024401635,-18918.3173082038,0.202647575381585
"16",16,0.00984193315885126,-0.000848866868223233,-10714.2602076643,0.185993533970792
"17",17,0.00749205862175639,-0.000567415869426095,-12718.9559774612,0.185575012141166
"18",18,0.0063408766775115,-0.00042758739838111,-18038.5754676133,0.222091670819719
"19",19,0.00868322413758424,-0.000626969232104349,-10129.8365208687,0.158661811403185
"20",20,0.00946226952377064,-0.000725303009512629,-11040.7211996121,0.177021674865448
"21",21,0.00866950850204174,-0.000773283682662239,-8331.92389547432,0.15010710489897
"22",22,0.00993298419201452,-0.000776148381750186,-12169.3615839326,0.182500230049306
"23",23,0.0105407998362315,-0.000665972063629888,-7396.58149542167,0.158426811106006
"24",24,0.00938176306163851,-0.000692641154702543,-13974.8730276044,0.186470924919172
"25",25,0.0107948154355497,-0.000778974210051837,-9257.43812981494,0.154904932259461
"26",26,0.0079008741339225,-0.000590306057603272,-13938.4088000118,0.183790858169227
"27",27,0.0100084339263472,-0.000763131533046897,-14014.7038304484,0.17586215612006
"28",28,0.0118586556467844,-0.000909095650541582,-18882.8011745119,0.211307393386537
"29",29,0.00665068047537163,-0.000406915883479718,-17269.7547675952,0.197107883223994
"30",30,0.00835798282198493,-0.000601655343465963,-10052.7789649387,0.154667956682607
"31",31,0.00743915951573211,-0.000556568369833427,-18415.4465276575,0.195119005279692
"32",32,0.011104400844234,-0.00077334540466888,-20831.4935356328,0.224167223017969
"33",33,0.00948407357599096,-0.000564046056773697,-18483.9869538144,0.197915511685853
"34",34,0.00728771630431593,-0.000496673204536854,-14679.979717377,0.230598473732607
"35",35,0.00880025431820687,-0.000716926940342074,-12380.5257078492,0.172380587095497
"36",36,0.00617517165292812,-0.000336248833406085,-14347.6848282398,0.166241029163355
"37",37,0.00706944223202695,-0.000553119890233539,-13220.7291638522,0.166343724657397
"38",38,0.0117778863138278,-0.000913103444361766,-7541.75307135857,0.155086141607454
"39",39,0.00877020233492365,-0.000560704655320861,-14815.5997971006,0.205374259169525
"40",40,0.00871577224837706,-0.00070090210253468,-12108.309315836,0.179593005045809
"41",41,0.00889413980988644,-0.000614780312818371,-12242.2474904976,0.176266107333086
"42",42,0.0095412276548282,-0.000749628894925569,-12404.1709071346,0.168053963301925
"43",43,0.00703417350078924,-0.000455209468864338,-14872.8963821206,0.179475771948634
"44",44,0.0119241948746333,-0.000922725200060224,-18483.6573013861,0.199120695487295
"45",45,0.0097236929405826,-0.000874989872739312,-12273.9101826215,0.169751996266054
"46",46,0.0081346812041766,-0.000442983679721138,-13221.0447536234,0.186221065583475
"47",47,0.00739318486781715,-0.000545375325279797,-15126.8723011564,0.179029247982668
"48",48,0.0112072120339995,-0.000884177491908618,-11753.3916196509,0.16390848532705
"49",49,0.0101608934152987,-0.000819425389149943,-10741.3531324233,0.158178634166071
"50",50,0.00763574300102392,-0.000502781841632716,-10071.7977982921,0.14506893440977
"51",51,0.00812962430233918,-0.00059141832853275,-5577.51918232609,0.162191387997124
"52",52,0.00843095791519943,-0.000590419424494814,-14193.0751834905,0.185826412914953
"53",53,0.00941590700220798,-0.000619607640417114,-19163.4236904855,0.201134929137939
"54",54,0.00896521811372552,-0.000589661652144878,-12264.2410362185,0.167245590423851
"55",55,0.0111662373313552,-0.000870038348427443,-13438.5098367959,0.184542065277943
"56",56,0.00747283612289415,-0.000425949307329043,-13008.9945816848,0.180431041891099
"57",57,0.0089645109624136,-0.000555441148443084,-11984.4099358773,0.185591556040158
"58",58,0.00853365974620222,-0.000516582447251811,-18629.4930946918,0.201931666538069
"59",59,0.00604683156381831,-0.00047610577420991,-17421.6821281357,0.22285784935323
"60",60,0.0048799823401409,-0.000222521498070908,-4772.00857914702,0.157961279631757
"61",61,0.00960497467308453,-0.000688574112235713,-4891.56293651519,0.140558840727829
"62",62,0.0101383017326718,-0.000723829965766194,-7682.4148894092,0.141360241969433
"63",63,0.0107018226490571,-0.000719956225032252,-15134.7229382325,0.198907458527303
"64",64,0.00954814968192968,-0.000427123395353426,-10377.6405744869,0.180773455186142
"65",65,0.00687336276608964,-0.0003721333361538,-16515.3220096084,0.190206593439004
"66",66,0.00716594355520598,-0.000523332694546876,-20310.8003635459,0.218754095810424
"67",67,0.00924628393984687,-0.000716827789141471,-11558.6415559736,0.191586842448218
"68",68,0.00859414561278698,-0.000623024406548438,-13464.3812903439,0.186917241889546
"69",69,0.00835126623668559,-0.000633482199583029,-17748.4710395392,0.21795303572561
"70",70,0.00769349718173139,-0.000429754500731031,-13663.4829783667,0.165540400741688
"71",71,0.00656094237229746,-0.000467509959298829,-7449.27713348246,0.156250181491357
"72",72,0.0114145168103785,-0.000839867486607442,-11562.4088699521,0.175323724551784
"73",73,0.00890881697446198,-0.000644054128204327,-15117.571250815,0.190067441786163
"74",74,0.0105245130053146,-0.00081471289249374,-4564.34876389172,0.133013898306834
"75",75,0.00895521669333291,-0.00069452584012986,-13205.412932582,0.176529539535321
"76",76,0.00944532211312746,-0.000691638884664242,-14289.8946358099,0.200954372275112
"77",77,0.00762312251336716,-0.00050596475082429,-16539.7270559317,0.181744477945447
"78",78,0.0106624951899404,-0.000638912578365556,-23072.2161546279,0.239946054523039
"79",79,0.00930271128779424,-0.000614646293526218,-12323.9055588311,0.16054723338923
"80",80,0.0107692562321985,-0.000712899445992252,-11086.5460812908,0.186781526812689
"81",81,0.00918475703647589,-0.000639590380855291,-18810.6261356717,0.229351109512297
"82",82,0.0082521584091447,-0.000659770860311523,-15777.352995725,0.180329016014042
"83",83,0.00999477216758821,-0.000683042667542915,-23237.9545293888,0.227546795533473
"84",84,0.0100880251769347,-0.000769794973907864,-20477.2962361495,0.203107158567905
"85",85,0.0099589428182802,-0.000701617470775454,-11565.1474754199,0.162377867229972
"86",86,0.00466739434630274,-0.000348816231097023,-15933.0160760706,0.199681097721892
"87",87,0.00894861228878151,-0.0005713335383053,-15809.6759492786,0.185677815792603
"88",88,0.00790371589307107,-0.000502732252891477,-9335.55521540012,0.154782500942505
"89",89,0.00692702873849156,-0.000392693417539075,-19828.9097460858,0.192784688389118
"90",90,0.00733287603220943,-0.000546106904547969,-13874.4219776465,0.214508258077958
"91",91,0.00818856037129399,-0.0006311925051316,-11402.862444593,0.158579735377485
"92",92,0.0124646576979243,-0.000955459875118666,-8107.79068561677,0.141902736044499
"93",93,0.00798166962458825,-0.000518866788549458,-20230.6678154181,0.200034964888286
"94",94,0.00795888055700705,-0.000642745848235281,-13186.8974216505,0.209157232504909
"95",95,0.00953662158547998,-0.000729781975276247,-16993.6532773722,0.204379743200103
"96",96,0.00842468813396876,-0.000743772039017182,-17783.7559773307,0.190989354949076
"97",97,0.0087332366121579,-0.000587761747135832,-12437.2676783542,0.169418851778983
"98",98,0.00832907360871975,-0.000467111443105888,-17266.4693003523,0.217562300668397
"99",99,0.00893823606307451,-0.000682449723727466,-14334.5537949592,0.174242510562222
"100",100,0.0120700369215887,-0.000832458417021762,-16577.1807033363,0.189518938820654
"101",101,0.0102210607210386,-0.000832328318139654,-7938.13664768585,0.169181468422382
"102",102,0.00522430734480584,-0.00043638497964098,-20835.6965506875,0.227968363731711
"103",103,0.0104380514839298,-0.000741973453379802,-11843.3423208317,0.164736555099195
"104",104,0.0080041204462086,-0.000579203759909848,-15219.0125344507,0.190294395881476
"105",105,0.00693406665360762,-0.000370293178464369,-13219.086724086,0.188059726711285
"106",106,0.00819271320944394,-0.000560539642859284,-15707.3337173328,0.193524789826656
"107",107,0.0103914723966705,-0.000693720273541598,-18657.5158028047,0.209273732506392
"108",108,0.00757288787540584,-0.00047121924469939,-13878.7419552433,0.177267683374277
"109",109,0.0102125652065332,-0.00079704727519642,-9489.41629137828,0.169734553941745
"110",110,0.0109684286873545,-0.000713341071424967,-23109.3898193963,0.231774107657635
"111",111,0.00708947310057303,-0.00053436120306358,-17664.212674571,0.198261327706428
"112",112,0.0084733702829209,-0.000523413754491041,-16396.4363551344,0.230198292005036
"113",113,0.0106660970671061,-0.000817874604703906,-17670.1278607288,0.213497654246286
"114",114,0.00852807064330538,-0.000585024227858041,-15964.7927553249,0.21163861385217
"115",115,0.0127290119468784,-0.000924166980213803,-15814.3914091431,0.21416053902199
"116",116,0.00897116472435807,-0.000593219718343973,-12242.7449979699,0.179858411467011
"117",117,0.00811365689161319,-0.000495739916652126,-12398.5299582045,0.179504001972142
"118",118,0.00971839003013536,-0.000620480820920287,-13274.5000339921,0.187501998957163
"119",119,0.00978441427285402,-0.000853823348351091,-9585.45028224599,0.164308337365928
"120",120,0.010309438120675,-0.00078680376511027,-14465.3388462553,0.174856586098111
"121",121,0.00754081113376955,-0.000597128376239155,-13827.8426320585,0.181421528362319
"122",122,0.00829138407736976,-0.000551723145655478,-16278.0302071529,0.206130393093748
"123",123,0.00636206641666366,-0.000477761539355349,-13324.7513925132,0.222328517340019
"124",124,0.00814759095315411,-0.000557302673471127,-16392.4948242988,0.172739217390432
"125",125,0.00927980708966979,-0.000623832622655701,-18684.6895255641,0.202114459128294
"126",126,0.0097462712428786,-0.00065657236961683,-13671.2517887039,0.164832664887646
"127",127,0.00770136880089248,-0.000635065087601048,-12538.2568887834,0.209104092623746
"128",128,0.00654891629772482,-0.000525004444915053,-17361.0688077782,0.212666987759444
"129",129,0.00985174428945096,-0.000663252332627776,-13719.9734895871,0.170066312476133
"130",130,0.00825681708071494,-0.000617379423375769,-8482.75394355087,0.13904619917828
"131",131,0.0086214384975799,-0.000679091476378741,-13206.7799296951,0.190613809770558
"132",132,0.00992256969807259,-0.000695246379648711,-11395.3540496707,0.172568703030261
"133",133,0.00870254349260654,-0.000726847780006108,-16871.1310511492,0.186153519636472
"134",134,0.0080047179615846,-0.000623056113550582,-20017.7866089758,0.22973942701334
"135",135,0.0100188736625434,-0.000670072399536684,-10460.5632957307,0.181218620551282
"136",136,0.00869810524698783,-0.000672473876774537,-9095.52595616721,0.15630540706181
"137",137,0.0111651445778226,-0.000872519228163175,-11162.2302194738,0.172151327688688
"138",138,0.00849773319774871,-0.000665203652177948,-7919.85911498337,0.153898917152701
"139",139,0.00816226638937812,-0.000568960292261362,-19053.8728799938,0.233658092268797
"140",140,0.00947552436811784,-0.000795026622012132,-12407.5032682642,0.200260653573193
"141",141,0.00595524759281378,-0.000455849826352163,-18203.1464997644,0.21775411054811
"142",142,0.00929316437745032,-0.00062266072207605,-14520.2819552506,0.193605684108685
"143",143,0.0122250753866052,-0.000893207466105252,-14185.3517165954,0.167932703283555
"144",144,0.00942759261196013,-0.00079869065401741,-10631.2086683063,0.172367648769473
"145",145,0.00880755012693001,-0.000561502623096947,-18672.9597178503,0.202513444285987
"146",146,0.00837584039426338,-0.000624970751068913,-9693.81304816765,0.166498338993257
"147",147,0.00823933893423219,-0.000567582010619969,-10435.7780921087,0.17805488165952
"148",148,0.00685051531323505,-0.000473647234622454,-10975.4518697571,0.158188520799892
"149",149,0.0109320591580945,-0.000802369106465329,-13893.1669255976,0.170604009902839
"150",150,0.00694468511813549,-0.000466737988556797,-13297.8086611287,0.174484890512332
"151",151,0.00795908213806813,-0.000660920839500963,-11780.1765360448,0.186014405549665
"152",152,0.0100274522549211,-0.000849530663197336,-16482.8937544635,0.204883081896929
"153",153,0.00841374520597177,-0.000564862713133307,-14997.7711291555,0.185049634122042
"154",154,0.0100457279003809,-0.000746757103329025,-18193.086274795,0.203521659351417
"155",155,0.00939003247836431,-0.000792750541240093,-9917.88295065069,0.158337697682394
"156",156,0.00837602703894692,-0.000499105974578015,-18521.9521130883,0.232494434606987
"157",157,0.00907411020583845,-0.000686549974355779,-11750.8529520206,0.172354347384661
"158",158,0.00817221359940951,-0.000602523018452485,-15205.4865294958,0.182562269781146
"159",159,0.00958486864656404,-0.000597672266846428,-20730.0670015629,0.206865548563714
"160",160,0.00859981442459058,-0.000613683477003391,-10579.3426954632,0.157768033759579
"161",161,0.00944296552745748,-0.000768616395207606,-14294.1239102005,0.169984596047664
"162",162,0.00908515247929759,-0.000631003495171835,-21593.0417419896,0.211080897131324
"163",163,0.00715002305737307,-0.000535058084786262,-12321.6453633588,0.171971318713418
"164",164,0.0087258518847047,-0.000637766522442221,-20279.0530623052,0.2230834849429
"165",165,0.007121366848989,-0.000533968169542025,-9627.16714374961,0.162573969006089
"166",166,0.00816597335919908,-0.000556873399244906,-19093.4753170166,0.206454499942547
"167",167,0.0103697646237333,-0.000744632624201582,-14283.7342363111,0.168863739738714
"168",168,0.0101351211887152,-0.000819861923694323,-11510.9560854817,0.190573318969481
"169",169,0.007976279598889,-0.000610184518098104,-20191.6125727725,0.209725797534092
"170",170,0.00763069637619535,-0.000560724000993746,-15351.8359517276,0.189173911067139
"171",171,0.00932079512452353,-0.000890488763074498,-12269.8276569828,0.193333767243948
"172",172,0.0057744379444774,-0.000334313991408154,-15494.5849502723,0.227610861548162
"173",173,0.00795552684679548,-0.000674648944953951,-8666.91122570818,0.169937759315993
"174",174,0.00665185613922037,-0.000460690221046526,-15856.7683657788,0.17919804013743
"175",175,0.00897074988854134,-0.000668441221094427,-11541.0416853656,0.191390863244354
"176",176,0.00936954628412018,-0.000640308616153013,-8268.93079127883,0.15151253581804
"177",177,0.0086140179943715,-0.000583043553114795,-17529.9576730143,0.196409551565387
"178",178,0.00968387481963936,-0.000799509366007133,-15259.8458940426,0.173239661483496
"179",179,0.00731043050848874,-0.000417789233032159,-17309.3468907649,0.184405564801961
"180",180,0.00951738975408691,-0.00065683472311717,-20666.4515926534,0.206460598794005
"181",181,0.00809460947869357,-0.000521078013774975,-19030.4602688871,0.191765951604261
"182",182,0.00556498486483094,-0.000413178202088723,-13374.2249324035,0.1902178691621
"183",183,0.00725277644152518,-0.000460962697537307,-15829.1263430733,0.182027333529897
"184",184,0.00856860948006394,-0.000721358483381674,-16253.9464451942,0.182557272962818
"185",185,0.00792485577776913,-0.000639568191113323,-6057.09845546465,0.134100303348267
"186",186,0.00871630536018938,-0.00061775111609962,-20805.4025121235,0.205722013396039
"187",187,0.0100643223405905,-0.000716247681417021,-7289.04929563245,0.154044334540956
"188",188,0.00640566818785122,-0.000316493023755322,-19729.6403531967,0.229668800877273
"189",189,0.00660064691177095,-0.000491286931725648,-14572.8580848324,0.191316767616496
"190",190,0.00987825949486122,-0.00065311229503628,-12239.0274158063,0.162179416398032
"191",191,0.0105927746708228,-0.000734010670365079,-10550.5655764924,0.174010318936119
"192",192,0.00831179173087564,-0.000719671251403958,-17715.685686535,0.18897242441848
"193",193,0.0102853957254162,-0.000753980827329513,-17027.0543913659,0.22892786241241
"194",194,0.00946255164351656,-0.000555260889010661,-20669.1776159549,0.211223454764689
"195",195,0.00827466062116301,-0.000562838956793189,-19259.5352886946,0.204464292054036
"196",196,0.00891515869891742,-0.000530564211201425,-11674.5080202408,0.192368695603078
"197",197,0.0100408107894151,-0.000607236079622994,-18792.4568249387,0.198471337168588
"198",198,0.00950956643675951,-0.000729582319013725,-8252.92500735345,0.157788707934144
"199",199,0.00771899407831802,-0.000614800241210643,-12510.7502082967,0.171144023447194
"200",200,0.0085255999517557,-0.000555151721069327,-11782.7992598263,0.178532365094448
"201",201,0.00778114224164495,-0.00058835640277536,-15998.3039805546,0.223759962033369
"202",202,0.00685731871195206,-0.000394221117446193,-11485.3875442991,0.164782034442321
"203",203,0.00812347742361418,-0.000700342333027885,-13530.7452567759,0.173212716268773
"204",204,0.0071995668332571,-0.000530638010697623,-15822.5939715911,0.204976734494984
"205",205,0.00815839670769677,-0.000659910061933583,-10272.2847926511,0.174156526391812
"206",206,0.00774282822976088,-0.000613870600023976,-22133.7412050664,0.21489009371358
"207",207,0.00823180651240252,-0.00038432092148895,-19144.9507584664,0.203908974104104
"208",208,0.00921225405739826,-0.000633299119911936,-20509.5552609911,0.226322287009895
"209",209,0.0084198563473522,-0.000468191913845729,-10690.4375572134,0.17013852596184
"210",210,0.00741910307993547,-0.000570272027080895,-10676.0933083224,0.172485809930385
"211",211,0.0102328022738987,-0.000712776845075025,-16723.2923287602,0.18382193596637
"212",212,0.00921041213823774,-0.000576390158483667,-16633.3225538689,0.228803785785832
"213",213,0.00755152934716504,-0.000533361590149505,-13065.0328050024,0.195972506565702
"214",214,0.00868746696770694,-0.000590634335803761,-13361.2244508767,0.159923684783291
"215",215,0.00760259269875476,-0.000558581276601294,-20974.7259884112,0.199063722987421
"216",216,0.00936075748209906,-0.000683097290398888,-12226.1372720846,0.161240422320191
"217",217,0.00842511820913282,-0.000573028627795908,-19884.4371431034,0.228833077680181
"218",218,0.0116351472177818,-0.0008730886833779,-15017.7533089842,0.192679358603586
"219",219,0.00628455773705388,-0.000333150803799914,-15403.5455363839,0.187809430326999
"220",220,0.00882080969850178,-0.000743244016896881,-10099.3935249991,0.156148500113729
"221",221,0.0108257202867879,-0.000883654328195291,-12935.7401976662,0.182039264222348
"222",222,0.00946471131736863,-0.000712480227064021,-15361.265178442,0.20703883677801
"223",223,0.00555407723226405,-0.000359285230175197,-15509.1439735382,0.180988720138296
"224",224,0.00875650846777471,-0.000598990824944658,-7967.7104104467,0.149035156134759
"225",225,0.00958931084499016,-0.000672228079273504,-16380.2073121925,0.192703253998545
"226",226,0.00954204314159039,-0.000651489459835221,-13056.3436838189,0.173299531625191
"227",227,0.0102778898749273,-0.000781464983867743,-11494.6458140241,0.166648403288002
"228",228,0.00873717803125864,-0.000660547435591684,-14791.14938838,0.174435876548891
"229",229,0.00685611777410193,-0.000401602352675523,-26165.9216927224,0.264940295965839
"230",230,0.00964250023503585,-0.000727970088298221,-18575.2226875844,0.228929773836772
"231",231,0.00900877355093974,-0.000593453665583941,-13713.2993311515,0.190255673075757
"232",232,0.00734591560160024,-0.000639251242310826,-13319.1212470522,0.18554988584141
"233",233,0.00789507826824042,-0.000681867163072122,-21422.454579462,0.230404448494572
"234",234,0.00715839486593144,-0.000457040275791156,-17962.8105676795,0.216345117131884
"235",235,0.010899027425137,-0.000851212478083595,-9852.68868644228,0.165994987107977
"236",236,0.00625523887403257,-0.000527319682319428,-18251.2267594858,0.192855759823702
"237",237,0.00962032092600291,-0.000711387517965563,-13278.281243471,0.185425700199614
"238",238,0.00659778349482125,-0.000412788659157242,-10777.0638639343,0.17754421662072
"239",239,0.00781850936427352,-0.000443912460328408,-12610.4057118906,0.166721929361345
"240",240,0.00915942104818299,-0.000730146711116808,-21703.267577623,0.215883697977926
"241",241,0.00804866556017423,-0.000625584964289601,-11118.2861927015,0.164386427248845
"242",242,0.00851600403203773,-0.000605249668391434,-10372.8496821633,0.170638129975027
"243",243,0.00726214559036971,-0.000555839201242064,-16574.1747927768,0.195139562356034
"244",244,0.00793320692505656,-0.000588591814021864,-14879.774547294,0.185698140014579
"245",245,0.00943916750050878,-0.000692023922945359,-17004.7164033762,0.201742676460098
"246",246,0.0106146303490138,-0.000816172367957311,-11372.2767917692,0.180221880211274
"247",247,0.00848572496713004,-0.000568855900220275,-8354.2907966344,0.167770176453905
"248",248,0.0115569092004425,-0.000889823093708217,-14172.8120698342,0.172405946364042
"249",249,0.00806432339029145,-0.000586107228229386,-10118.6471415613,0.161424518389278
"250",250,0.0104362944367794,-0.00092243704830167,-16120.0470979598,0.191110875890483
"251",251,0.00905009509745588,-0.000738146770312761,-15866.9193657525,0.201973017088279
"252",252,0.0101667792341822,-0.000749600394428261,-10569.0650996807,0.199721634024857
"253",253,0.00690691520898231,-0.000393927403007641,-8610.38749656177,0.15217854901804
"254",254,0.00769402345725704,-0.000524184510991919,-18209.8676329887,0.173624234315427
"255",255,0.0118864766082863,-0.000878329787870646,-6819.51889651787,0.146932183936501
"256",256,0.0084919929175047,-0.000604317357873979,-15524.2275575225,0.174485102696224
"257",257,0.00479041377898035,-0.000211866569126913,-11095.7745894269,0.167566343695275
"258",258,0.00980751129525877,-0.000746352962105309,-15260.7343674876,0.207238695953248
"259",259,0.00740326949591549,-0.000574533562623687,-15499.4447559259,0.173294925336248
"260",260,0.00802457744556001,-0.000727087805677322,-9193.91203325957,0.179451932591149
"261",261,0.00860802183832786,-0.000565013543096551,-10613.7496249522,0.161892901522403
"262",262,0.00780792407909441,-0.000710287634666131,-13895.4891432171,0.198863071080749
"263",263,0.00605831165745054,-0.000419420643505263,-19323.5774818754,0.211898107872613
"264",264,0.00864887505879827,-0.000649488926943168,-17751.5926701697,0.190304259377436
"265",265,0.0069335812186107,-0.000524103603059317,-19338.0473412393,0.187942915345564
"266",266,0.00640235477022175,-0.000348260598169408,-18975.9046041954,0.20682362887665
"267",267,0.0105567442329492,-0.000835035796429742,-9341.87840374924,0.157917194060623
"268",268,0.00616651443899438,-0.00049145384097678,-16726.1525745366,0.193368034935191
"269",269,0.00907232731433641,-0.000607614959466406,-6812.13642636615,0.169844849610463
"270",270,0.00896688660778728,-0.00071704411204585,-11786.2257368633,0.172855265907475
"271",271,0.00798301195372121,-0.000495749186619797,-11451.1316288344,0.164146645420889
"272",272,0.0055546557720674,-0.000487612817323062,-16579.9524245698,0.172207101870237
"273",273,0.0122589951942382,-0.000923231372192531,-14835.4517657827,0.176362706909668
"274",274,0.00850910251490356,-0.000644046745507836,-10150.4951092503,0.153634469678463
"275",275,0.00968810300009211,-0.000801013548455846,-7991.72246507009,0.179843065911665
"276",276,0.00712366685853232,-0.000569334299357752,-14583.0581591419,0.179548061606866
"277",277,0.00790191927063759,-0.000500077553257116,-11889.5103819864,0.1761589495292
"278",278,0.010414394942157,-0.000726276443821047,-11312.0379317279,0.179529331733343
"279",279,0.00700825972770086,-0.000497709700033601,-16322.5304535966,0.20468814600234
"280",280,0.00884691225898805,-0.000631577029601916,-13763.6087581834,0.183562947647811
"281",281,0.00782180541500854,-0.000563076894348069,-20473.6242229725,0.222135225002519
"282",282,0.00903583650339481,-0.00078153861676729,-3803.00467696955,0.12774083377383
"283",283,0.0102800092541011,-0.000703888006064083,-14191.9301607715,0.170745863105979
"284",284,0.00630890919381624,-0.000365771086366579,-17499.9116583925,0.227721927798465
"285",285,0.00840481865726882,-0.000608066129383671,-16145.2147031375,0.199329215204516
"286",286,0.00976241492448968,-0.000618600012218754,-13521.1546400942,0.195680754701286
"287",287,0.00904876220965188,-0.000597733123057298,-11510.6217732836,0.158224550896258
"288",288,0.00949929617195902,-0.000649939215468892,-16822.2571902629,0.190881173016356
"289",289,0.00841616204425015,-0.000683851376579644,-8312.73100112203,0.161755318146967
"290",290,0.0123814959534802,-0.000892451264284538,-10290.2428305749,0.154984352534004
"291",291,0.00897656195360895,-0.000622849807760078,-12283.8546731068,0.171946447228765
"292",292,0.00829522989825709,-0.000669660827169394,-5423.98257302615,0.140608790507594
"293",293,0.00594430929669922,-0.000447088757905209,-19114.0100913605,0.213543059409724
"294",294,0.0092689041752088,-0.000671323865373654,-16298.2244187186,0.222037841173328
"295",295,0.00748678776395939,-0.000457931006173297,-12165.4537263162,0.172405892499951
"296",296,0.00846709552793098,-0.000666415643044713,-18006.8202374681,0.195282817175113
"297",297,0.00854231727723692,-0.000626582463031344,-7974.75021101529,0.153501038960148
"298",298,0.00819164119900657,-0.000644226728072892,-15581.2643813556,0.184395354740555
"299",299,0.0111232821263404,-0.000895151884156468,-9583.0304776007,0.158153606594493
"300",300,0.0067170178462957,-0.000405714964393125,-14959.3096856091,0.178396042357974
"301",301,0.00619217230462818,-0.000441634534984141,-16224.4176187502,0.184048339174617
"302",302,0.00754680795175396,-0.000506182259120783,-7490.90401500726,0.146463872136835
"303",303,0.00775036425159618,-0.000506114031043479,-14293.1686293545,0.174766318489073
"304",304,0.00638164777032627,-0.000466044560291064,-11559.1129442207,0.180809449220296
"305",305,0.0104498431488705,-0.000852835229638575,-10133.1623015646,0.17075053689399
"306",306,0.00926204436635856,-0.000681123780127854,-15321.3989943006,0.196082472152392
"307",307,0.00852991059447783,-0.000620987943166695,-16258.4671899144,0.189329444634162
"308",308,0.00738031711833882,-0.000457644776143388,-19651.5818184597,0.221066099718065
"309",309,0.00592401974332805,-0.000326621321659853,-12203.3292619542,0.18501433744504
"310",310,0.00879697337452759,-0.000568421559057721,-19936.6141094142,0.204887664648322
"311",311,0.0124094609535905,-0.000891849383746801,-10307.6966497802,0.158083260839893
"312",312,0.00911213690601892,-0.000613081443620062,-8595.29463302471,0.147770340208845
"313",313,0.00745998862732467,-0.000484261200156192,-19437.4737472869,0.214138843241326
"314",314,0.00794639381446026,-0.000572754649340928,-7807.7673463164,0.145208243191504
"315",315,0.0126768360941737,-0.000869045971048203,-10588.8566035542,0.174044282175558
"316",316,0.00871183468110935,-0.000613997021240372,-19344.9669352909,0.22185644144872
"317",317,0.0102456868471299,-0.000847274847590396,-12990.1095909875,0.187938824222463
"318",318,0.0106924503086877,-0.000922350717049822,-12060.0499425489,0.159048764283656
"319",319,0.00718248415026638,-0.000588198749950177,-19733.6787929802,0.229679762926269
"320",320,0.0112233855071224,-0.000853724871844053,-3846.93789275614,0.140604750183604
"321",321,0.00770520636326086,-0.000542776981931195,-21331.4908245457,0.233130171469231
"322",322,0.0101601950319267,-0.000864255761418364,-7910.99884153849,0.151478012831118
"323",323,0.00804276240683273,-0.000598625967313457,-18434.1016818515,0.229163911234386
"324",324,0.00683457903287411,-0.000625668972548495,-13711.0174742718,0.17715482885959
"325",325,0.00873919413370221,-0.000634524442745259,-15303.2950273711,0.193356482499852
"326",326,0.00948214950719173,-0.000685458777424489,-12291.878399091,0.189408703839008
"327",327,0.00889816941827439,-0.000580627725296763,-18839.3546564886,0.205194419430678
"328",328,0.0076740043800516,-0.00055609311217492,-17471.9655265052,0.180766940026458
"329",329,0.00982929813913946,-0.000657822869012087,-17099.6219855996,0.217331698886031
"330",330,0.00887357511675649,-0.00069937319694833,-16912.3607376515,0.193384405088265
"331",331,0.00793864830687143,-0.000542487647500099,-16498.3208448432,0.22248179860654
"332",332,0.00933001618091403,-0.000720842615190071,-11471.932635983,0.16832458893849
"333",333,0.00817976999939391,-0.000528433218098388,-21157.6897923458,0.238540648076209
"334",334,0.0105195643640847,-0.000768171608670241,-12431.4244082495,0.166604793766622
"335",335,0.0083115635598131,-0.000713812353122536,-18121.7477890487,0.206357232243829
"336",336,0.00782544802070547,-0.000482913412837735,-19027.4004958264,0.196795380956483
"337",337,0.0076896369583785,-0.000545116895570072,-18588.8864345293,0.228028512945689
"338",338,0.00665587779700006,-0.0004155070286186,-12934.5729736283,0.213841785145762
"339",339,0.00589612904583888,-0.000370670608747557,-13821.4158587589,0.167668211381889
"340",340,0.00956219179133214,-0.000552234691856871,-15424.6168276683,0.190525708486275
"341",341,0.00940357784096419,-0.000631083473097658,-20874.8647371162,0.233267388019252
"342",342,0.00816113360452657,-0.000636021884222414,-14379.8706360886,0.186503670867664
"343",343,0.00656354467552174,-0.000397431400268455,-14058.4925236148,0.176381461991384
"344",344,0.0075414457218216,-0.000553185795049685,-18155.4989199552,0.208475974825922
"345",345,0.0104929110902508,-0.000792119558475963,-16871.858521051,0.199713383625157
"346",346,0.0104691136776697,-0.000700999418314607,-13946.2166254218,0.197303237528056
"347",347,0.00942458819806662,-0.00054548800897642,-14637.5672930346,0.192953341166168
"348",348,0.00829334725315571,-0.000590954261772837,-6230.34185956559,0.133356993451997
"349",349,0.0129574742985989,-0.000866885269645417,-15772.9888135132,0.185381414933023
"350",350,0.00915747555376868,-0.000640385558568121,-10264.9630193623,0.170681541561118
"351",351,0.00820307046353242,-0.000605125655514176,-12793.1775250592,0.174829812311276
"352",352,0.0101820540435548,-0.000667091900394307,-8579.77973592214,0.148560500204809
"353",353,0.00890040396301603,-0.000549929523583746,-12554.943805588,0.209924349168108
"354",354,0.010845149594376,-0.000729621823538518,-16928.6852035137,0.186932281081711
"355",355,0.00579031125758569,-0.000434316595772991,-18259.4725437626,0.22337760631487
"356",356,0.00837138228135185,-0.000615041232124028,-13513.0061698734,0.17907900440277
"357",357,0.00900738269067032,-0.00070052706232688,-14794.7280227016,0.175144905679073
"358",358,0.00963786824327907,-0.000654321233723493,-15357.6205161628,0.212037716073882
"359",359,0.00916539554241902,-0.000680675262036747,-13999.1387265376,0.232480871257075
"360",360,0.00830754155789134,-0.000627695882455238,-14709.3764638375,0.194421521866308
"361",361,0.0085449608357099,-0.000544293521224386,-16645.2308077263,0.195170125881575
"362",362,0.0112601998284527,-0.000880466431256278,-11517.4788830032,0.162320198486203
"363",363,0.0114317437412356,-0.000817493640090048,-10742.5865353694,0.162423276032696
"364",364,0.00677643184884181,-0.000416921301374662,-13641.0291239683,0.188823749615688
"365",365,0.00957995247875745,-0.000701178665491489,-15996.8093979333,0.180321384400138
"366",366,0.00770165096854694,-0.000592213732457101,-10713.5277184839,0.152290840432329
"367",367,0.0107273559076075,-0.000768082457826117,-14218.2248831116,0.185591571468381
"368",368,0.00715237941184207,-0.000547566943019555,-15290.1778728519,0.241343177961443
"369",369,0.0050721606670504,-0.00039513234769724,-12019.4847510189,0.177700489027954
"370",370,0.011013718360431,-0.000869018170999932,-7608.85302972577,0.152317519926162
"371",371,0.0106565866793024,-0.000897163224564219,-11972.6540304299,0.169008816401128
"372",372,0.00854148447510999,-0.00058678121845191,-12185.5797315176,0.169201662727622
"373",373,0.00587735568675855,-0.000295360828728071,-13216.7048055488,0.177863432784504
"374",374,0.0103175292102306,-0.00077362611781495,-10741.8441166076,0.156942781151291
"375",375,0.00787214806966487,-0.000461047616090557,-13568.2039192511,0.176706878801713
"376",376,0.00925593835818956,-0.000664471011728985,-18392.7908827931,0.217159383630511
"377",377,0.00734475985109064,-0.000489792445175992,-13331.4865949011,0.188604236118976
"378",378,0.0105283971862988,-0.000876761323367272,-11030.004879389,0.162304031744551
"379",379,0.00804494022466088,-0.00042536086919507,-19053.9770641002,0.219482484716836
"380",380,0.00822876560955493,-0.00059327661049021,-12195.3886634027,0.17769689005872
"381",381,0.0089314919656571,-0.00071172843034667,-16514.5058443327,0.177943395785005
"382",382,0.0106742759172807,-0.000822289688076838,-9947.97211156297,0.179410351957758
"383",383,0.00494781537967334,-0.000298594144116291,-12648.0308625141,0.186027628746415
"384",384,0.00876819104647368,-0.000703609054298159,-11294.9661267587,0.145412579459428
"385",385,0.0102348948736361,-0.000807642154426034,-7249.83682188966,0.167013783198815
"386",386,0.00913484594334564,-0.000619157002398268,-17788.2313092562,0.232679413909914
"387",387,0.0113946033102077,-0.000806592702994822,-12753.2581013087,0.16375070126119
"388",388,0.0103900840261523,-0.000741040219471927,-17240.2203386484,0.224246092171428
"389",389,0.00941462666865365,-0.000576304167754211,-9043.93016302109,0.184866058686911
"390",390,0.00725851667045532,-0.000484371734221005,-8133.46787929927,0.179420391151227
"391",391,0.00830372368957345,-0.000599366171835594,-15681.6054915678,0.207591974913674
"392",392,0.00646311790274066,-0.000496470461832802,-23270.2421872947,0.246499136516353
"393",393,0.00703700335789393,-0.000484448114533983,-14170.7122888157,0.196685517280423
"394",394,0.00934409907028714,-0.000721195410148052,-9704.29050572533,0.163170987532386
"395",395,0.0108483999309834,-0.000849244143154512,-15131.4705343697,0.196452623664046
"396",396,0.00823247956445627,-0.000536521493600536,-14956.35757201,0.177929574453439
"397",397,0.00840079236183263,-0.000614899586439556,-13709.1178687992,0.172315449176901
"398",398,0.00794872528927766,-0.000460827491912604,-19838.5845071585,0.210936494877705
"399",399,0.00793317659144747,-0.000611501452271412,-9544.57834865339,0.153542356395893
"400",400,0.00858651549151562,-0.000579153951260385,-17883.6321784579,0.181732895976092
"401",401,0.00714401714878366,-0.000474617214336885,-16486.9052755909,0.188426403032546
"402",402,0.00857070028701569,-0.000615394027436211,-13842.4117083162,0.216218867299459
"403",403,0.0108470745335517,-0.000886387880489565,-10640.513774396,0.167751150221204
"404",404,0.00718156591801894,-0.000442975887608589,-17239.7465807545,0.190949041914459
"405",405,0.00815392854083573,-0.000604165548798754,-17380.3105357481,0.19716206806229
"406",406,0.00850667245354102,-0.00060138043364465,-18691.8819467567,0.198856055185483
"407",407,0.0061075380583656,-0.000341463467900579,-14043.9759919449,0.177678414509929
"408",408,0.00894240307139195,-0.000708418997764997,-16796.645982832,0.200255718246657
"409",409,0.00957513617500378,-0.000700545561205403,-17288.9741985552,0.188884994479114
"410",410,0.00961625661375543,-0.000719943009832491,-13748.3175706851,0.177853640197603
"411",411,0.00852181321655779,-0.000611770363219326,-15340.6013241698,0.184559568272843
"412",412,0.00802330008573623,-0.00059206758361231,-16445.4803812042,0.208031784896194
"413",413,0.00852219896211097,-0.000703847072513229,-11985.9247343542,0.155080264572586
"414",414,0.00947250991364693,-0.000773807488503961,-9713.65665545929,0.159912482656284
"415",415,0.00572098080158009,-0.000374387746661067,-15587.1912910947,0.188828449684272
"416",416,0.00909784795010651,-0.000645007130554141,-12397.6830944011,0.194336134469388
"417",417,0.0123140098274539,-0.00091707144675109,-12124.5505793041,0.175432635387898
"418",418,0.00857212766628601,-0.000733038788335867,-14812.2266068215,0.190569103290591
"419",419,0.00976331546885411,-0.000735991645697466,-15287.0137617232,0.192111345996869
"420",420,0.00660911997247422,-0.000399643562402346,-19784.8436341766,0.208495332104238
"421",421,0.0111724081396715,-0.000846250975149911,-14537.5960733126,0.180990472977737
"422",422,0.0128366369651497,-0.00096613982801835,-16056.110537633,0.198017078497181
"423",423,0.00797740853047403,-0.000627592438986784,-12282.9953706092,0.17770862623486
"424",424,0.00907028693835609,-0.000549865605632186,-10388.0309674993,0.174260001708469
"425",425,0.0076948051739683,-0.000474307544722167,-13336.0775229511,0.167888280441164
"426",426,0.0111861813719001,-0.000908407550778322,-13036.6627970383,0.17777647384028
"427",427,0.00727757572426997,-0.000440452142634191,-23814.9997867323,0.229674990967995
"428",428,0.00781972496096361,-0.000524463511346861,-12712.9211498594,0.158697583665624
"429",429,0.00967250842591517,-0.000649821591840326,-13121.0811072796,0.182615351778917
"430",430,0.00845147205904716,-0.000621764046943133,-14859.5235382054,0.201716259946563
"431",431,0.00467905970742278,-0.00033977341849041,-9391.20676000721,0.162451273777894
"432",432,0.0114832957985739,-0.00098044641267956,-12468.9115978737,0.165785304854217
"433",433,0.00677536308053761,-0.000473059773514417,-11802.7521925033,0.173078623924464
"434",434,0.00929213848225219,-0.000595649008161975,-22560.2070976823,0.220187913127001
"435",435,0.00937732208052262,-0.00053542697867876,-13382.1280698833,0.174478286218585
"436",436,0.00686309188175962,-0.000579385935855147,-14580.1153588124,0.171574341856878
"437",437,0.00933614751411965,-0.000622616994865382,-15874.635764109,0.186468206994955
"438",438,0.00638997647495413,-0.000371251556691646,-16414.4034115841,0.193710283109724
"439",439,0.00793135752927772,-0.000650005204128895,-14022.494120083,0.18349399537759
"440",440,0.00709658270750469,-0.000422734048360291,-18873.4410468283,0.203648452056925
"441",441,0.00699442974538467,-0.000347278402787449,-11952.7719847822,0.154821166752639
"442",442,0.00668425950710822,-0.000629017784137099,-21084.8465447356,0.218552846507588
"443",443,0.00884334123206689,-0.000588687259632409,-13869.1503182217,0.193816423137358
"444",444,0.0100951396842031,-0.0007968483137214,-8219.42609068106,0.168935592679161
"445",445,0.00840466213254022,-0.000465090292938777,-10704.1474222107,0.158382508999962
"446",446,0.00770084888474229,-0.000467550911172406,-16926.0806886546,0.197626206157067
"447",447,0.00684053292894067,-0.000586486824299096,-15093.4232173519,0.22204762996567
"448",448,0.0130299503513099,-0.000980087078594784,-9607.7126672097,0.149986890929691
"449",449,0.00999613989749829,-0.00080780985652012,-6579.23492604654,0.139750307268754
"450",450,0.00636075645162044,-0.000530246414463222,-22532.1281785232,0.204187997675354
"451",451,0.0113750227269907,-0.000721340489213892,-14859.2983798795,0.184708708000796
"452",452,0.00997037062842361,-0.000809745688479801,-9289.57579510838,0.176541894556345
"453",453,0.0127590091615225,-0.000972764754318268,-17607.4955013828,0.231514617615445
"454",454,0.0111790337590097,-0.000810564092503818,-6357.26367328662,0.133628339087968
"455",455,0.0108528034060079,-0.000870432414135126,-13628.268715278,0.19307939683051
"456",456,0.00935320043830788,-0.000844124556643877,-7418.23462211714,0.158321194501087
"457",457,0.00674429199829509,-0.000494030625940415,-17224.8131923643,0.200331315651606
"458",458,0.00755144321734746,-0.000554147508437976,-15078.6918279123,0.180128539420698
"459",459,0.00899444285489042,-0.000570599197220264,-19204.523070724,0.21453208016322
"460",460,0.00842348118651354,-0.000661669353359952,-15321.8309797256,0.188721445446521
"461",461,0.00931515985900318,-0.000641259219422447,-16494.4231281974,0.204697890103565
"462",462,0.00643813663692812,-0.000450351337588261,-11265.3579723117,0.181367198445253
"463",463,0.00977463996824521,-0.000689259173342988,-6499.30479121748,0.15489369749734
"464",464,0.00953329250651781,-0.000714656140862685,-17374.9628585345,0.212643687860236
"465",465,0.00807362111039047,-0.000544961428697993,-14391.4964296218,0.213456184664003
"466",466,0.0119121017319391,-0.000737325799686419,-9736.05835285568,0.1786984848205
"467",467,0.0102254906889759,-0.000690902971445306,-14345.8363605011,0.206265675947973
"468",468,0.00769215287543344,-0.000505128592834567,-20489.6086824465,0.218339983491995
"469",469,0.0111884959945993,-0.000979173456590472,-8433.50625756194,0.165292307998064
"470",470,0.0100417430444531,-0.000783151725197301,-12775.5708710819,0.168222150731645
"471",471,0.00908785335108009,-0.000735045760539357,-16861.6404454519,0.213296385036186
"472",472,0.0112210176777619,-0.000857777323530437,-12576.770395478,0.179175113517437
"473",473,0.00819851638337672,-0.000563403906829918,-17303.5516813995,0.183980144538432
"474",474,0.00851559422388407,-0.000611766724536662,-8684.9951803881,0.151226139317994
"475",475,0.00402005007372241,-0.000291603819867347,-9746.47095942342,0.175003533257065
"476",476,0.00748272368862497,-0.000495427526445966,-11735.9487971253,0.176526597518133
"477",477,0.0079580077774239,-0.000623496357958396,-9929.99203015403,0.194320680778485
"478",478,0.0103157928450159,-0.000673658081801006,-18749.0828693893,0.221072479113327
"479",479,0.00826005866473867,-0.000710680650220481,-12382.2696996351,0.174713303887291
"480",480,0.00838228368028543,-0.000686673586298356,-11221.2765280409,0.168212304570412
"481",481,0.00550892433575985,-0.000413071480218471,-12870.6299087195,0.181550031184828
"482",482,0.0106593184953301,-0.000814172487993006,-10426.7907401011,0.153771470048485
"483",483,0.00754790585458792,-0.000668903433717309,-8604.34763228368,0.144306965744108
"484",484,0.00948115943261192,-0.000610510505782966,-17453.0130242152,0.185794571662214
"485",485,0.00803219314462311,-0.000582604040228162,-20550.386283279,0.197393356230767
"486",486,0.00866718628336919,-0.000577485380082181,-17221.509804825,0.225530801668512
"487",487,0.00507450112237431,-0.000311670362873731,-12376.1616636059,0.230217177095377
"488",488,0.009605430505286,-0.000591484128681002,-9743.02281163311,0.16622258005191
"489",489,0.00874501339470069,-0.000648625118499304,-13689.5127556895,0.175705054872314
"490",490,0.00901266391878665,-0.000733806545460054,-13243.3448515168,0.188840646177056
"491",491,0.00817338215688547,-0.000619516463513728,-17268.1628234183,0.192816224511031
"492",492,0.010188173686185,-0.000681856488366889,-17890.4949393228,0.206090023632692
"493",493,0.00659007378561616,-0.000465722694371802,-19688.527238269,0.201130380373184
"494",494,0.00942094476269401,-0.000755462017583945,-9120.54524167456,0.147845498362746
"495",495,0.00774356893681826,-0.000461305642206051,-12783.8970575629,0.156940535401186
"496",496,0.00890355119173996,-0.000638830611160643,-15794.3804492724,0.213467362863313
"497",497,0.00828610492678773,-0.000573090697219952,-11195.9677237859,0.162303830116267
"498",498,0.00795169629298249,-0.000582286088386015,-16919.9577666405,0.197692995103123
"499",499,0.00898244092105263,-0.000666096637913864,-16581.0746863277,0.207551477380753
"500",500,0.0068959258905566,-0.000494863525774033,-9132.08046405113,0.153400988880818
"501",501,0.00755261779773826,-0.00049686659567615,-14306.2346223879,0.203268461413626
"502",502,0.007267296709202,-0.000488028957374985,-14390.1816680196,0.17258178609892
"503",503,0.00666538122796845,-0.00050143709629369,-11679.4076911031,0.166406017336658
"504",504,0.00848978623022894,-0.000581003895290983,-18542.5195351427,0.205401483063569
"505",505,0.00828644270057296,-0.000623338800597577,-15968.2822747821,0.168428677659712
"506",506,0.00855597518164097,-0.000700960443731925,-10484.5126507923,0.172698853664504
"507",507,0.00773023281252023,-0.000460705022089465,-17374.6369453702,0.203797650015466
"508",508,0.00886031585771017,-0.000795695566198095,-14123.4043873359,0.187881758660914
"509",509,0.00755399818227826,-0.000479573677127856,-19496.2802567193,0.212102855653726
"510",510,0.00992712059754498,-0.000724459992659721,-16707.8388181546,0.17389653473757
"511",511,0.00854671800605122,-0.00058290782158126,-15163.9389566007,0.183002950887331
"512",512,0.00725798142311197,-0.000455435829105564,-21536.7045978962,0.211049093551671
"513",513,0.00992180952664938,-0.000758382726728921,-13953.3746840699,0.193043891431534
"514",514,0.0079932787442807,-0.000558656145752391,-15863.6394647999,0.173087407524434
"515",515,0.00949726170103938,-0.000703850400023895,-10226.1611703229,0.162222797235189
"516",516,0.00952349480964293,-0.000677480583545367,-21566.7481988139,0.253509442837708
"517",517,0.00693779030966796,-0.000540912386647979,-9452.55342155282,0.145112880802973
"518",518,0.0088956513505253,-0.000660600931042373,-18571.7208065514,0.189805276966007
"519",519,0.00972994368916307,-0.000667571109444526,-8474.84844807794,0.174989189731024
"520",520,0.0077489778229997,-0.000550705291894067,-10975.7837989395,0.182433722992692
"521",521,0.00796641344289559,-0.000606856392726957,-11486.3302898579,0.193840480960747
"522",522,0.0116538149932932,-0.000785167823618461,-14854.1400940933,0.167976876104016
"523",523,0.00607294409408321,-0.000295786516045427,-12264.4532959303,0.199558856111888
"524",524,0.00747777696665448,-0.000592526767380214,-16728.877045663,0.195888279425622
"525",525,0.0100663107599024,-0.000657596047384138,-11885.3977128484,0.180572098053874
"526",526,0.00814345423422291,-0.000598515063888825,-13064.6134810063,0.168363006967986
"527",527,0.00771318794969351,-0.00046828701474278,-8172.3549272967,0.148735832625514
"528",528,0.0110468526263433,-0.000858370919263734,-12806.5257129148,0.20767379548101
"529",529,0.0058247796990438,-0.000422751941953993,-16381.5008493988,0.226765001717385
"530",530,0.0107344464408881,-0.00075156415946197,-9903.63774549866,0.172107957721376
"531",531,0.00794561555449379,-0.000420475973473568,-14345.8054675142,0.181037148001613
"532",532,0.00641132521635914,-0.000491585899999803,-7840.06910052771,0.152524965209283
"533",533,0.00964441780775091,-0.000663798405320929,-23989.9872108164,0.234084056989111
"534",534,0.00780452759667104,-0.000535291185815749,-16966.2361339037,0.177724488436014
"535",535,0.00895949173676278,-0.000587558864026778,-11922.222393598,0.193234474904703
"536",536,0.00781865732017505,-0.000547568887111122,-11931.3541977338,0.180519974594777
"537",537,0.0096203531906069,-0.000682083985260284,-13206.7184799995,0.196211601964262
"538",538,0.00462184282228218,-0.000334085700114933,-13728.7140017874,0.178526597890406
"539",539,0.0114645991834407,-0.000914854759301969,-11236.1903789644,0.183711446033035
"540",540,0.00849776575232562,-0.000568045554352476,-13605.9621272507,0.184286774420863
"541",541,0.00880324316363371,-0.000725631657286354,-18383.252058977,0.191957445869916
"542",542,0.00880778508516356,-0.000694484871416472,-9605.82786964228,0.16251453850147
"543",543,0.0107706312956683,-0.00083348345058346,-9257.73673482757,0.175728338286552
"544",544,0.00883180931892823,-0.000629846664220867,-15310.9024899189,0.196354495875744
"545",545,0.00791277060614623,-0.000602855185226894,-12943.2515458758,0.179594928483849
"546",546,0.0115096018448384,-0.000843447422537281,-10081.1258636269,0.177945150378712
"547",547,0.00763284788068056,-0.000454067958097175,-10560.1367482598,0.16018055155303
"548",548,0.00751238801276168,-0.000549912444829116,-16997.4248790748,0.193188924730607
"549",549,0.00826267018513244,-0.000600451951156059,-9659.77616881481,0.161726435031812
"550",550,0.00959753144201837,-0.000765067294552981,-9088.77059014411,0.18602116553061
"551",551,0.00774576021658905,-0.000645928195268278,-14425.2184084312,0.186293899700044
"552",552,0.00843888171919726,-0.000590204718104658,-13730.8008814324,0.210764165520646
"553",553,0.00457767030526975,-0.000227261079242179,-20170.8354610766,0.218577263108985
"554",554,0.00770663898790566,-0.000471868364726584,-16305.5549649892,0.183318517640163
"555",555,0.00793335932708509,-0.000588330946993557,-19003.0619122486,0.214186542186227
"556",556,0.0104092742822036,-0.000728862514129482,-18188.8358548717,0.2049135760025
"557",557,0.00712403745556679,-0.000528437282488719,-21034.0735441762,0.227776109624476
"558",558,0.00797557798664211,-0.000583953628598501,-14451.4852610426,0.173104784447418
"559",559,0.00849288722983566,-0.000617751736319765,-11176.1536742564,0.180373683349201
"560",560,0.00968907665317243,-0.000777628698673787,-7312.83764952617,0.155604537324032
"561",561,0.0104610353389379,-0.000893459860603139,-17815.0336534194,0.187322967164656
"562",562,0.00892499456794806,-0.000667647789008758,-18151.7021891117,0.198510549924195
"563",563,0.00806491390342173,-0.000536175270773411,-12490.9330937453,0.182330325485665
"564",564,0.0105473008609418,-0.000800746020993442,-11755.6717854038,0.167233309281377
"565",565,0.00948104923756033,-0.000727220453769864,-11734.0885452294,0.174444120716278
"566",566,0.0087260503721554,-0.000552309102710945,-18400.5687597376,0.207011729240995
"567",567,0.00814692570763303,-0.000498951817266678,-13372.7974144538,0.194848363808108
"568",568,0.00749408152579936,-0.000606574288847607,-13545.9846922018,0.175578221988108
"569",569,0.00841049732295968,-0.000605656740256868,-14718.7290589193,0.172709587313064
"570",570,0.0107275779433929,-0.000805354667162349,-10993.7730958835,0.15713515194199
"571",571,0.00531985871683461,-0.000334491756039009,-18368.2946374866,0.185494832167498
"572",572,0.00948080346160976,-0.000593640492928571,-16865.178716529,0.21433148717291
"573",573,0.00966540840601183,-0.000641565122608779,-19605.6597107995,0.2182383333345
"574",574,0.00923348909767799,-0.000669430271808309,-15238.3909670069,0.187228017306
"575",575,0.00904205999531125,-0.000643580005057705,-12614.8115331587,0.169640236671187
"576",576,0.00990233825325578,-0.000768650304630425,-17435.8335168063,0.197531414669713
"577",577,0.00831119044085939,-0.000532554096880512,-10146.1926092405,0.183148920177239
"578",578,0.00751781333843182,-0.000481701164591203,-9902.06654256552,0.182659600486966
"579",579,0.00909193643400072,-0.000761416601243686,-2892.74651964683,0.136543426451223
"580",580,0.0101313629210248,-0.000635081270921227,-9693.06186760998,0.165161958626308
"581",581,0.00850534748549554,-0.000501956397811598,-15503.491423964,0.195211934843279
"582",582,0.00884790167083493,-0.0007184395694968,-19092.1942640849,0.196650969795641
"583",583,0.00652330014759417,-0.000532469110471628,-20245.9111041778,0.231508069086404
"584",584,0.011614711629043,-0.000877395197095597,-11254.6038358053,0.180348092350142
"585",585,0.00957757652443222,-0.000687337413134049,-18768.6490798965,0.200416880965138
"586",586,0.0103874069709679,-0.000804047802638601,-13051.8919294247,0.160978481679029
"587",587,0.00908320609000825,-0.000696874235312901,-7593.3677412763,0.149798046698639
"588",588,0.00815461458734424,-0.00059745024651122,-8782.45725704303,0.171795845142929
"589",589,0.00837127327725753,-0.00073659061256085,-4305.1003013783,0.122608449594299
"590",590,0.00959723453812729,-0.000608951047974183,-10147.5190487571,0.147806577143879
"591",591,0.010289480499625,-0.000725541943213861,-17354.4283001204,0.195227393095268
"592",592,0.00963539755633498,-0.000632660245873744,-20698.2973486173,0.209491716437858
"593",593,0.00750970583143112,-0.000421732042679859,-12050.5055226162,0.174940018290552
"594",594,0.00837376715383473,-0.000700451770434538,-13156.2990741127,0.174935268310521
"595",595,0.0098264887014572,-0.000760454443453352,-10453.9357684845,0.173834180121844
"596",596,0.00816331913690918,-0.000548776796125323,-10860.5694241959,0.217637494836195
"597",597,0.00601113904354232,-0.000456183106676034,-14271.2709455738,0.197153060386313
"598",598,0.00977452461856174,-0.000744911405183791,-10656.1959699344,0.168117733045005
"599",599,0.00989472017858052,-0.000818304008610071,-17361.9325119846,0.228421302620539
"600",600,0.00915192781152185,-0.000731998313428745,-14823.2803799824,0.207140475537971
"601",601,0.0104590983873924,-0.000801023917479456,-16720.4502284809,0.19146074662349
"602",602,0.0106603732365073,-0.000759733202640382,-7316.89291366508,0.168574212017323
"603",603,0.00658702400852859,-0.000396211493768694,-15518.787503,0.203122581618297
"604",604,0.00951305132470026,-0.000744707328100608,-17618.8870786152,0.215838007744782
"605",605,0.00745180653331414,-0.000570328268149987,-20635.171594332,0.205383976756899
"606",606,0.00721312415345168,-0.000551889113259832,-19032.2482525839,0.21245884067286
"607",607,0.0068747043291585,-0.000577539384002957,-17223.8132925673,0.195554352073557
"608",608,0.00995529482949793,-0.000721362544115656,-8440.37264549311,0.148287637526808
"609",609,0.0105832666733224,-0.000708505387068869,-13237.9174324981,0.181298035834243
"610",610,0.00972527009847734,-0.000685380519146832,-14036.1392543424,0.175449273907978
"611",611,0.00830340695902675,-0.000572328518237171,-12569.1784075588,0.168724019322565
"612",612,0.010276075306929,-0.000607053037827927,-17973.5448364859,0.181783505512355
"613",613,0.00817858470214799,-0.000523703507475867,-14023.9556107694,0.18075516607101
"614",614,0.00700449750321117,-0.000544244157396162,-15632.7575867974,0.175684611570834
"615",615,0.00821919065610378,-0.000679872328711332,-9066.1241543815,0.155643693576811
"616",616,0.0078486066075381,-0.000499255279576145,-14896.8611183153,0.187961644260075
"617",617,0.00796371084610899,-0.000468220821140605,-12845.2953002589,0.186617777708716
"618",618,0.00916120254524825,-0.000616873945574365,-14953.4721060142,0.173172116457001
"619",619,0.00756861069697908,-0.000643706472991211,-15938.798343088,0.19651647403552
"620",620,0.00728677237922006,-0.000591885348998662,-14043.6027011112,0.187957818700647
"621",621,0.00982359330479174,-0.000770469096146437,-21798.5043443055,0.210167791509231
"622",622,0.00965425191242629,-0.000766601957488777,-13887.5186002906,0.17484609515885
"623",623,0.00987286822078883,-0.000729298526202983,-14650.2170106646,0.177181148823436
"624",624,0.00925803787372728,-0.00077611916858953,-11145.3463892795,0.177949558257144
"625",625,0.00975564484331407,-0.000568612314777533,-16629.9110725336,0.217887485767618
"626",626,0.00815825582347817,-0.000621879565687623,-10255.9852583616,0.143542415894801
"627",627,0.00830921045707505,-0.000536276936496913,-21474.1836567537,0.226704361772097
"628",628,0.0102746315222026,-0.000685952438060713,-21774.456885269,0.235271407899819
"629",629,0.00573181098844602,-0.000417659087614963,-16682.0134705499,0.203655917845116
"630",630,0.00987711742054558,-0.000680933427328437,-17831.079653848,0.192469946806949
"631",631,0.00820188308449202,-0.00065887241915262,-7699.4307699895,0.158986556222173
"632",632,0.00716772553660672,-0.000405867106014796,-20598.4720085045,0.214384898658427
"633",633,0.00625111136806154,-0.000443554161588134,-21561.2955288373,0.266325874835957
"634",634,0.00947700971164576,-0.000751417966278604,-18283.3242639662,0.195495277000161
"635",635,0.00803896174064274,-0.000575855537288094,-7790.95726803434,0.153674279369287
"636",636,0.0099885173197126,-0.00068290225589115,-16028.4236174464,0.179536498827047
"637",637,0.0100278915508498,-0.000668609667244752,-19357.126238445,0.220210267136414
"638",638,0.0116426059661073,-0.000965664524698656,-10380.3443104496,0.154991586194742
"639",639,0.00845412730596049,-0.000565475103351356,-20895.2511614466,0.231017239484345
"640",640,0.00771208062853448,-0.000536450721517157,-17753.2298645843,0.209904849739026
"641",641,0.00799683324342194,-0.000473336950215919,-11006.0455557333,0.176710464550743
"642",642,0.00862940896571841,-0.000646373911710443,-21894.3021141342,0.232848559551158
"643",643,0.00748001128122429,-0.000696662132132538,-11525.2752452191,0.165868780298796
"644",644,0.00610739708296526,-0.000502385084470404,-13142.427207519,0.178870461200717
"645",645,0.0089009580020676,-0.000544628104039415,-24017.7337218106,0.231218544651322
"646",646,0.00946855201844358,-0.000736072676516328,-7243.11035285243,0.155684158485461
"647",647,0.00728295505033493,-0.00045851642383445,-9412.96603036134,0.165539864639345
"648",648,0.00791333402501547,-0.000506021133411211,-16548.6866929113,0.182407687392739
"649",649,0.00729146548042172,-0.000572331871093058,-16991.0058995854,0.214199765685791
"650",650,0.00992861914621503,-0.00067513100576043,-20615.6861575299,0.210736895459515
"651",651,0.00819200789558284,-0.000599653483896716,-13423.8511901646,0.189964119609994
"652",652,0.00924625795867871,-0.00073046493117306,-16149.3844208364,0.209419093113744
"653",653,0.00873437836175339,-0.000652647883995349,-11282.0391740241,0.16102839445349
"654",654,0.00948137569355977,-0.000663470121337121,-14074.5976085116,0.205343607568158
"655",655,0.00852259394006949,-0.000638003829214665,-17020.616395531,0.187709594764331
"656",656,0.00894423819042131,-0.000630454154626147,-16209.6018753875,0.18756452965058
"657",657,0.0089519069137295,-0.000678496599168666,-10738.5389995295,0.169394551779878
"658",658,0.00956535112029563,-0.00075079226237321,-10836.2621892604,0.147971548811433
"659",659,0.00944589274862148,-0.000580292765663305,-19669.1524731638,0.212431055509247
"660",660,0.00722620118203959,-0.000484029940463729,-16678.5390986465,0.198341000916478
"661",661,0.0103769418594422,-0.000905407881092075,-12364.4941958501,0.173335844192687
"662",662,0.0075218227564477,-0.000615590810054598,-12542.3007768069,0.174060149582498
"663",663,0.00948362559340078,-0.000676760867999132,-17913.7139024275,0.213127635121086
"664",664,0.00814281651719223,-0.000507193197707202,-16745.2910670074,0.182868479718146
"665",665,0.00870164019196419,-0.000809037330719532,-16846.3107602947,0.189236962579827
"666",666,0.00688100245264507,-0.00052501174901294,-16633.6969553601,0.195795008515237
"667",667,0.0113404089428754,-0.000919773731006705,-16746.1130749533,0.187650923628366
"668",668,0.00981320515191698,-0.000678915501857984,-12657.6457631246,0.152080615214953
"669",669,0.00808491780952493,-0.000523983096897139,-19635.0892876492,0.232953309510787
"670",670,0.0077657059048573,-0.000652930556034378,-13698.4493307458,0.169275735550575
"671",671,0.00792508901302038,-0.000596826853558794,-10469.1803223459,0.162003309549436
"672",672,0.012311976347096,-0.000947896251723323,-22016.2932163512,0.219102370576032
"673",673,0.00663472335693192,-0.000449197861404968,-11559.6158496082,0.177956058497158
"674",674,0.00887272709611362,-0.00070373229822332,-10175.8839255059,0.179565728733147
"675",675,0.00829741569135951,-0.000629325294383587,-13848.8204427036,0.174800628027566
"676",676,0.0125154741325593,-0.000831227477498307,-18093.4977469924,0.202636993647067
"677",677,0.00797633515707512,-0.000602288725970764,-24111.4705542232,0.246561234334101
"678",678,0.00799790944921415,-0.000692013054381964,-9643.27388784377,0.171038789623234
"679",679,0.0111071812823354,-0.000878461972221589,-10125.1357192431,0.146483735859998
"680",680,0.0112364459038925,-0.000852764268810025,-20600.4062100954,0.206729185906428
"681",681,0.00590171242781985,-0.000381916586372492,-7433.61484131406,0.156681399702037
"682",682,0.0110211133185489,-0.000762012070053449,-15712.673060216,0.211208055131663
"683",683,0.0110514875726925,-0.000831289175644374,-9468.72300713125,0.181185760072898
"684",684,0.00850794161577952,-0.00063606026471518,-14363.6353045931,0.199971936658128
"685",685,0.00854857641308147,-0.000650758600944817,-14867.402936456,0.222369326502411
"686",686,0.0108373734988513,-0.000781325315122684,-14432.3839308747,0.200556388199369
"687",687,0.00653820820689436,-0.000445584604092687,-17322.1580553019,0.185033052756701
"688",688,0.00638585247062944,-0.000508878956449944,-12897.4869934332,0.197777380225881
"689",689,0.0106845434331186,-0.000860003027460567,-7703.04955437745,0.152636482798076
"690",690,0.00957477710943126,-0.000747605056416486,-12675.4212863319,0.161329949563797
"691",691,0.00980999072546224,-0.000820784058930246,-11721.354749872,0.178913582312156
"692",692,0.00652492838229995,-0.000383254593339081,-18405.0636589019,0.188070949726459
"693",693,0.00715788105179732,-0.0004745151870042,-15990.2572662442,0.173918540280039
"694",694,0.011543578386741,-0.000779448753605402,-18903.5141204933,0.198839988787417
"695",695,0.00848860189023489,-0.000655889917592691,-8059.80735356553,0.161988810157915
"696",696,0.00823511087576151,-0.000564990026016641,-12754.2297752417,0.188938087073572
"697",697,0.0093413309165613,-0.000620435716207232,-7167.12393938462,0.151273775695032
"698",698,0.00813999189498873,-0.000612294330634544,-16015.3810908503,0.205381837736996
"699",699,0.00829827876549279,-0.000615143883566919,-14699.7876022953,0.183494015077916
"700",700,0.00943029282068985,-0.000710635293772568,-11496.1034771738,0.172788172438163
"701",701,0.0092370896649374,-0.000639049489174037,-13864.5101781044,0.202252686876461
"702",702,0.011174150211141,-0.000881959805305943,-8906.26707082184,0.169280114642601
"703",703,0.00554949326571791,-0.000509843333218153,-7837.8528912396,0.154204869912599
"704",704,0.00760667011516029,-0.000562111851720538,-11320.1456516767,0.170227461986075
"705",705,0.00777728161701471,-0.000576816017675897,-10526.7346246383,0.181257333357817
"706",706,0.00753669575366155,-0.000509174084227846,-12583.4739034652,0.179401484130303
"707",707,0.00823945737095889,-0.000502440304997527,-16408.7241664183,0.195707484750352
"708",708,0.0105956484285139,-0.000786234751699531,-17511.9175832817,0.209275273191945
"709",709,0.00985123542220199,-0.000733718306229664,-2955.38721759677,0.145968987474705
"710",710,0.00887632513587018,-0.000758788380865737,-8508.15959920873,0.168063062597725
"711",711,0.00498641182171237,-0.000290665525189054,-18657.6689283503,0.206667219267621
"712",712,0.0114334857614581,-0.000812975707249347,-11527.8499893444,0.159227122043879
"713",713,0.00595173911319004,-0.000325903662076436,-15184.418132666,0.181786711628208
"714",714,0.00808378748381063,-0.000628700191041666,-18019.1250639844,0.208059660405143
"715",715,0.00798452085613002,-0.000605689929611924,-17594.0285833773,0.189357189276803
"716",716,0.00833535154169197,-0.000568709670767195,-3707.95581684744,0.138550570963081
"717",717,0.00696086759743221,-0.0004918699410288,-13370.9944004876,0.178822389736836
"718",718,0.00990953063512738,-0.000789036844879035,-9902.96925554469,0.160708303069554
"719",719,0.00924435670630099,-0.000672787637593874,-12907.410123474,0.195943341246245
"720",720,0.00892685195503668,-0.000553981335823001,-16600.2536317082,0.175912397462639
"721",721,0.00725640098703526,-0.000532556089995703,-20759.9510763385,0.222948509059333
"722",722,0.00715197331580736,-0.000532788987917986,-16307.4616921153,0.193259524465891
"723",723,0.00840564457593041,-0.000586298975975559,-22287.5578835005,0.229252549158092
"724",724,0.00432280228028263,-0.0002519886900421,-19897.6570554275,0.211711580156271
"725",725,0.00864940965965498,-0.000733234730334655,-15381.6091078796,0.193410024683081
"726",726,0.00873394049555879,-0.000605963803232798,-15462.7889947821,0.166633251847504
"727",727,0.00942455375286913,-0.000580148357328255,-11084.6339556755,0.177882171652583
"728",728,0.00663281168401894,-0.00047552145606598,-9434.65192164746,0.190357820697731
"729",729,0.00963654451105774,-0.00071964510384456,-23251.7463766474,0.251261870163785
"730",730,0.00653121571017616,-0.000494413590749282,-18715.5892640967,0.203168480072305
"731",731,0.00768552538750593,-0.00057177242891804,-20998.3574709118,0.228089471423273
"732",732,0.00858233626274709,-0.000701621544113217,-16980.5320236427,0.210928084709168
"733",733,0.0109763048444195,-0.000927809672632208,-12762.1308838484,0.190206348623126
"734",734,0.0083950300140715,-0.000571998356946459,-11611.1515212562,0.155314243115178
"735",735,0.00873258323999286,-0.000616793666150179,-12473.159196098,0.168820968148978
"736",736,0.00666434972645743,-0.000527589274066258,-17775.286727131,0.198067762358661
"737",737,0.0101038430741919,-0.000836239070014581,-11467.9387353668,0.175849821654996
"738",738,0.00912782540892109,-0.000607917266804733,-17076.575315535,0.202245551602204
"739",739,0.00814984140946512,-0.000498346739539915,-15590.1429665037,0.182812281351601
"740",740,0.00722869109405734,-0.00043976067782869,-18062.0707593581,0.196432480525586
"741",741,0.00849094856104214,-0.000560770167484057,-14938.7546708807,0.179739902745993
"742",742,0.011022418719065,-0.00080236137978084,-12762.2151394232,0.156827209503439
"743",743,0.00776277043656579,-0.000561841154358857,-14566.4840139099,0.189134168689024
"744",744,0.00571444101649626,-0.000257200239329738,-21025.7058594628,0.223603899061457
"745",745,0.00788092063339164,-0.000465697473909097,-11926.7725948616,0.157072471007836
"746",746,0.0103051080678679,-0.000730676614821114,-7179.73999737527,0.150640056622247
"747",747,0.00987229121885528,-0.000740299978139475,-13491.9973521257,0.194112983023847
"748",748,0.0101849962997173,-0.000693069792209989,-16632.2747645719,0.222807778942115
"749",749,0.00974938130685067,-0.000663258354479188,-7305.53256964675,0.13538901638356
"750",750,0.0058874312206515,-0.00042552697080564,-21380.4029312916,0.215177206699272
"751",751,0.0110852509538649,-0.000787907631541833,-12228.77188958,0.189967150667965
"752",752,0.00850992557569805,-0.000521218843776019,-21237.9219344069,0.209999919380821
"753",753,0.0109607584274255,-0.00082027121327356,-11187.5424092687,0.185503867134436
"754",754,0.00987787957206901,-0.000752027302073299,-8358.9244069686,0.173199282696789
"755",755,0.0101525544875508,-0.000755732899825508,-17612.8819937492,0.218847660687497
"756",756,0.0100452625162942,-0.000645313345932557,-16097.8524654168,0.224509836398037
"757",757,0.0100583816895346,-0.000612815272811754,-13797.9706387881,0.17422533873528
"758",758,0.00957840613301335,-0.000674693157841816,-14151.1250118861,0.190218893999133
"759",759,0.00731364947050183,-0.000558174060334608,-3527.01295842648,0.173742453342469
"760",760,0.00890401755960174,-0.000634666828209265,-8738.93763780354,0.16022715810284
"761",761,0.005957047502138,-0.000402799304661632,-13555.2411990763,0.175097856191904
"762",762,0.00614973258124823,-0.000427754438075759,-17318.6372395985,0.186358624169045
"763",763,0.00897840645460183,-0.000618385590791644,-8582.97079573007,0.16421903680163
"764",764,0.00995733187328808,-0.000824059618119032,-11791.317782278,0.180988140115685
"765",765,0.00918666607111286,-0.000658139051401538,-10836.8156013875,0.164338276157975
"766",766,0.00920697905340972,-0.000675623740800927,-12292.5558282088,0.193373556188323
"767",767,0.00787095029062771,-0.000577529201569479,-14517.7463820963,0.185341963291653
"768",768,0.00879391114044677,-0.000592461059136185,-18308.0221017496,0.218482106159098
"769",769,0.00554842515423019,-0.000427596424351895,-13012.1086483007,0.171786971894972
"770",770,0.00756865815200543,-0.000688152160668602,-10870.206256224,0.179529613742523
"771",771,0.00856577966023155,-0.00059547395777304,-17213.9350425421,0.185176409759676
"772",772,0.00745779360642013,-0.000534078042283599,-11740.126650728,0.160192047178545
"773",773,0.0102352200812029,-0.000746317406185328,-11176.5728875897,0.149409981883278
"774",774,0.00778479911845033,-0.000559813484500236,-8634.62793853948,0.156411449910861
"775",775,0.00754887551278346,-0.000611270949973698,-15833.5808860182,0.196448877658156
"776",776,0.00911469760344279,-0.000597882344045719,-12512.1911751595,0.177646077121164
"777",777,0.010356817782767,-0.000757716147956944,-12511.5643697103,0.16801724563761
"778",778,0.00957516715799796,-0.000774457797861097,-13911.7635205312,0.184790796119523
"779",779,0.00670351537929863,-0.000505920372054562,-11091.2332131301,0.172874888190318
"780",780,0.00817193621299702,-0.000643521222345101,-12778.3223595948,0.167571375775412
"781",781,0.00972060436843049,-0.000689277470116034,-17815.8532731349,0.23609642857489
"782",782,0.00815785281062101,-0.000588541184632311,-13353.4484351727,0.172341794729292
"783",783,0.00898594951528295,-0.000717254525791638,-10394.7179414889,0.183341923677427
"784",784,0.0110931556574321,-0.000863060660320198,-11122.712780694,0.164918047899106
"785",785,0.00734573050083865,-0.000530635963813424,-14691.2822613331,0.182619986630623
"786",786,0.00999646981830006,-0.000746897942133045,-12034.4075070261,0.173756245811811
"787",787,0.00853876903799853,-0.000581429021137403,-12722.4703537924,0.194067743041859
"788",788,0.00527081872064927,-0.000463253257743752,-9225.17908008711,0.147471896821597
"789",789,0.00787326159557721,-0.00056023445490009,-19671.9162384817,0.204337304022405
"790",790,0.00959212916297518,-0.000759998022670072,-15634.3297368137,0.199501414551179
"791",791,0.0106061711856325,-0.000803791395260693,-13935.5935417568,0.185550380365929
"792",792,0.0108493764922852,-0.000911892703196612,-7760.33588887808,0.163357303505401
"793",793,0.00853450818916779,-0.000596771519013106,-13078.5622254832,0.197223189615207
"794",794,0.00793272088207596,-0.000636460498269328,-12974.2034292792,0.18211676829516
"795",795,0.00920919692282682,-0.000742628844916136,-7279.16691113733,0.163230474563044
"796",796,0.00687074125248994,-0.000405156798160064,-16221.8214587264,0.186132154986116
"797",797,0.00868677966140939,-0.000671945270752316,-13132.5848254442,0.19039898928641
"798",798,0.00836720853060231,-0.000594687283855421,-16336.6572338669,0.21655334633222
"799",799,0.00993074770326046,-0.000721130765124775,-12632.2024434763,0.184774995287795
"800",800,0.00914964960751848,-0.000617953341054182,-16738.412591042,0.191380719829184
"801",801,0.00745846077984051,-0.000688085076683026,-11198.1774015599,0.18506007483638
"802",802,0.00995140072715458,-0.000581588009856223,-18155.2904107242,0.208526786222465
"803",803,0.00879188261109505,-0.000530768768143928,-12357.3880006421,0.171512488078974
"804",804,0.00871948953661864,-0.000629451566116722,-22945.5703978707,0.200183488658389
"805",805,0.00941529217554675,-0.000700812641717878,-19350.8163308332,0.213417142728985
"806",806,0.0111106014737852,-0.000704088612710233,-9167.23706670878,0.153454797416937
"807",807,0.00884332628968352,-0.000539865987803088,-5753.42486291569,0.146111050261776
"808",808,0.00762260924460314,-0.000533627352967663,-15567.2889546221,0.196537170210838
"809",809,0.0100905705443126,-0.00079514363009443,-6184.40067952904,0.154249907827496
"810",810,0.00926679136579455,-0.000620223862102402,-19903.2552758581,0.194343695317036
"811",811,0.00937103136625563,-0.000783732716127686,-11495.5457320188,0.155095007108132
"812",812,0.00968886008330061,-0.000718770764270585,-14070.7118780368,0.186515331516346
"813",813,0.00921115811331361,-0.000640576631230193,-13943.2995349498,0.195582219532694
"814",814,0.00815019636892186,-0.000585686988172883,-13643.6119312448,0.195517229223429
"815",815,0.0103783924948961,-0.000693559764318338,-12691.2962675583,0.172095187500768
"816",816,0.010330260614553,-0.000700334090774765,-19653.7168793778,0.210899444002892
"817",817,0.0107328304378805,-0.000815980240900007,-13613.6449305564,0.175032189735161
"818",818,0.00801412219059221,-0.000491783966817427,-18426.9205356535,0.202875843552587
"819",819,0.00791987789680019,-0.000630343226348726,-17038.0907876637,0.202027229532898
"820",820,0.00775387578855256,-0.000622019979354179,-8265.88991662629,0.148954650308157
"821",821,0.00771255786650214,-0.000511996812897562,-16819.3049765802,0.176927669720107
"822",822,0.00895939845856626,-0.000554466233249434,-20829.9968692688,0.215818415386419
"823",823,0.00819134259458621,-0.000541931072293955,-15147.6569447528,0.189502806089558
"824",824,0.00852014142278399,-0.000601205342158439,-10420.8084969798,0.160043228021494
"825",825,0.00783994281108097,-0.000544059518992163,-23164.7058640298,0.22068069993178
"826",826,0.00789494168262452,-0.000620684664029475,-19357.445023976,0.212516617841493
"827",827,0.00770667952926465,-0.000538411569702849,-17956.945037149,0.238662420843736
"828",828,0.00900560882582972,-0.000783049366746514,-7640.1034363082,0.1410590060495
"829",829,0.00714797069768154,-0.000564266628321238,-10452.177580645,0.18439235821371
"830",830,0.00938124323519044,-0.000607573558075523,-14009.5258383842,0.185893783649892
"831",831,0.00921521689810339,-0.000681101922083042,-12350.7442494896,0.161456770717728
"832",832,0.00747419177814883,-0.00034827209442633,-15476.8313710475,0.191269501831471
"833",833,0.00931432431154852,-0.000756753149367797,-11304.4664187395,0.182475125247762
"834",834,0.0109804296160177,-0.000813839705232948,-11553.8362275991,0.186949623701831
"835",835,0.00899089549671141,-0.000570747941674283,-16739.5784524061,0.205873937819553
"836",836,0.00827717237195331,-0.000571889850336977,-8436.2990364938,0.164680547343655
"837",837,0.00819804180721004,-0.00055882928192446,-13281.6950267527,0.166307057390724
"838",838,0.0099634177077668,-0.000871920065997453,-10026.1656990122,0.165896494413035
"839",839,0.00972900029843877,-0.00077933503489123,-18400.6899935127,0.203900823678648
"840",840,0.00717362216516732,-0.000477036485172543,-17369.400615598,0.219044731007692
"841",841,0.00723570413176385,-0.000579797782578043,-12860.0398160858,0.165359120687077
"842",842,0.00879228901447509,-0.000672347173611501,-15382.979857188,0.186620181131343
"843",843,0.0100150903804624,-0.000760014982774831,-5687.63214943488,0.138320219096564
"844",844,0.00832409023026982,-0.000589865930703915,-16405.5069085216,0.181434226501375
"845",845,0.00577709043927228,-0.000339824099619555,-11116.0550515801,0.162992606963928
"846",846,0.0054819300457867,-0.000378378078806835,-19465.0766813638,0.211015282945667
"847",847,0.00974083628920394,-0.000777651979825211,-10658.2173404177,0.172531514625061
"848",848,0.00750276169893665,-0.000471799254654463,-21009.1455742066,0.228667878493399
"849",849,0.00782285189067491,-0.000523618403537743,-17558.3237811893,0.214126470091609
"850",850,0.00983107644284884,-0.000740000403236486,-15896.9036881645,0.210153787788913
"851",851,0.00977939067226793,-0.000661665379603915,-18516.0155684431,0.214418319152775
"852",852,0.00694583306030021,-0.000403175378945063,-12584.4821690457,0.162940806725745
"853",853,0.00974609996716976,-0.00075459151053735,-12883.3877156608,0.179484392521921
"854",854,0.0113416952756166,-0.000867420598007529,-13233.0299676219,0.183574077033856
"855",855,0.00962729743022198,-0.000758565862554644,-9003.60621201506,0.159973141652404
"856",856,0.00913270290524501,-0.000627998213849959,-15746.7331306803,0.203363379901809
"857",857,0.00712234118361314,-0.000509451925921893,-12964.2161427021,0.166214233273182
"858",858,0.0113980150695449,-0.000763349107655115,-7267.18502842295,0.149307299544086
"859",859,0.00656152851368309,-0.000483170159245244,-13614.8354106854,0.197096018727235
"860",860,0.0104092515668171,-0.000673361967847323,-14184.9593011515,0.192288191606272
"861",861,0.0109161961490687,-0.000717691537252156,-17989.9838859705,0.188093400382547
"862",862,0.00928043219759568,-0.0006472191776665,-12737.1358745325,0.178225736507396
"863",863,0.00774780766306908,-0.000533767599767715,-14196.4329586446,0.227989928626575
"864",864,0.00792429858143132,-0.000521689210803065,-12657.4755628322,0.170721128804906
"865",865,0.00625399138558594,-0.000481809979674504,-14927.250162691,0.184518572127806
"866",866,0.00963686077451443,-0.000702089611524488,-9862.88497231334,0.157508321467986
"867",867,0.00784905656712947,-0.000533116339515618,-21542.3572797335,0.219446409223551
"868",868,0.00816338200988953,-0.000526155404271852,-17057.057111104,0.195599510823113
"869",869,0.00755959650338056,-0.00054834557957903,-12098.6139642299,0.18295278426499
"870",870,0.00856694483977111,-0.000666894280365903,-19147.3332241458,0.212064981606037
"871",871,0.0108620201436411,-0.000731075502163308,-15964.5743816298,0.182105409248272
"872",872,0.00599619449171712,-0.000335519196891728,-17364.8862270298,0.181402066764757
"873",873,0.00793824924040303,-0.000537953282209982,-19225.1681159189,0.258558167173125
"874",874,0.00817966793774508,-0.000543928467946816,-17868.6608974355,0.203506123474169
"875",875,0.00665964646563964,-0.000473390197593809,-16007.9835327054,0.192304283592324
"876",876,0.00966857229070023,-0.000807344965935439,-9812.45170879823,0.160835365979428
"877",877,0.00927945382740699,-0.000666379095761417,-12766.6968267243,0.154556730902254
"878",878,0.00912822922294694,-0.000599572927273292,-17437.7601112273,0.184840113402141
"879",879,0.00846255348662286,-0.000691179651899173,-15122.4128331077,0.180738261329919
"880",880,0.00716089182611002,-0.00051936759516676,-11093.1005362454,0.182089596983266
"881",881,0.00820971938295529,-0.00061439611085267,-12396.1329404451,0.154672948372613
"882",882,0.00967171287874934,-0.000716253909638591,-14862.9064723106,0.166037128214696
"883",883,0.010790030933608,-0.000814068506723017,-17250.1271801497,0.197603058237257
"884",884,0.0093368415037358,-0.000675752002164883,-21899.1729350787,0.238842359808556
"885",885,0.00900680738674363,-0.0006935485435019,-14811.0994051658,0.190509575073075
"886",886,0.00757338749419334,-0.000493672643493686,-14909.2383069132,0.219453745342081
"887",887,0.0108175679197543,-0.000778666857489665,-14352.4812269297,0.189791989024521
"888",888,0.00779275609426525,-0.000539215468327339,-8340.32117383679,0.152866353791677
"889",889,0.00581557806160642,-0.000298734007700518,-15040.0031119342,0.241821978192052
"890",890,0.00812377708126844,-0.000616096584504951,-17904.9171542178,0.221119621266864
"891",891,0.00721089056860267,-0.000562399872834458,-19847.3349743819,0.228328490379287
"892",892,0.00823078557090766,-0.000570364812038652,-22530.2838950902,0.203434031565171
"893",893,0.00982112462527966,-0.000677449900728365,-21526.7415159208,0.205309936808567
"894",894,0.00911533641064869,-0.000625838135688971,-14858.0390824654,0.178940901776743
"895",895,0.00716424401803637,-0.000427111314300864,-18426.1570244011,0.201342606386116
"896",896,0.00950061183361455,-0.000676189536519063,-15873.0874187942,0.181617860701687
"897",897,0.00895923042889205,-0.000564649899587069,-14121.8854226458,0.191797361163668
"898",898,0.00969822977468353,-0.000680194701637182,-10445.0113865419,0.147722781056239
"899",899,0.00998035505359635,-0.000789615998698198,-14150.2427360912,0.213420654791975
"900",900,0.00905538625956597,-0.000556953039938067,-15800.6870816565,0.194823248602198
"901",901,0.0107825243172689,-0.000793010029866667,-12015.5886008251,0.167029026012344
"902",902,0.0102714981184207,-0.000822268445011879,-15732.8034152558,0.181712134981612
"903",903,0.0107840526451443,-0.00085376960136735,-10571.7541596866,0.175356197667599
"904",904,0.00958356124685879,-0.000719288252740512,-13367.9168917132,0.191908727629508
"905",905,0.00781020266569216,-0.000578480534393196,-11499.698702744,0.150306188959603
"906",906,0.00997694320845295,-0.000685949207676925,-10892.2277573092,0.153401623046223
"907",907,0.0088225458086492,-0.000708095042060038,-7628.77051345186,0.141599816062854
"908",908,0.0118965777644177,-0.000947991493584052,-11907.0647403462,0.180044082036634
"909",909,0.00747458985579276,-0.000715800664504073,-14983.1137951558,0.185572965448884
"910",910,0.00824224135432524,-0.000641477493012866,-16711.8064241369,0.193699166379584
"911",911,0.00646556965150612,-0.00039607735874801,-13668.1748334467,0.183203203156436
"912",912,0.00866393378666618,-0.000684684056402099,-19465.8544489903,0.196977020940906
"913",913,0.00889312182627507,-0.000622118773002099,-10965.2777884482,0.16740187276736
"914",914,0.00757969856632884,-0.000634250526861854,-12283.262936734,0.185888582838753
"915",915,0.00678266403001723,-0.000469201417252817,-15530.1510705223,0.200335511004813
"916",916,0.0108085767497659,-0.000827641811549695,-19561.914070204,0.207541241024702
"917",917,0.00809001098930694,-0.000655937537846222,-12824.8182775652,0.203372397733711
"918",918,0.0104485191757347,-0.000849249893273471,-11177.5342608842,0.16927658020127
"919",919,0.0103950020877539,-0.000816438883552202,-12014.9762691872,0.157752381958281
"920",920,0.0103321300994675,-0.000823851279229139,-4182.61023091661,0.152781192149184
"921",921,0.00743854277959906,-0.00046336903730734,-18670.5703005554,0.21922194071194
"922",922,0.0105696210840282,-0.000742561112235569,-10163.5074843011,0.156811140749336
"923",923,0.00830889626082035,-0.000644758944383681,-15499.3628712051,0.201618072896109
"924",924,0.0103276367157498,-0.00078090559136179,-13728.5095644483,0.185471028562764
"925",925,0.00723343270597677,-0.000452908578018813,-21086.7761356946,0.218138906856524
"926",926,0.00630728069529923,-0.000421312372061917,-13015.8351059755,0.182176785823312
"927",927,0.00805546170993481,-0.00077253555079052,-5499.98958323117,0.142290348008688
"928",928,0.00722967491770886,-0.000419496792401341,-12838.1082861212,0.170695710901241
"929",929,0.00971132537849305,-0.000717705486376807,-17653.3417889666,0.195112975538293
"930",930,0.00900130359306562,-0.000654334346863327,-14753.6981076811,0.168887998530177
"931",931,0.00874525903242726,-0.000775006388301206,-13854.9641253984,0.167563601849558
"932",932,0.00756677321812084,-0.000618666675124205,-10987.2809956004,0.170937851474072
"933",933,0.00729310987836515,-0.000580943573318231,-15492.216042093,0.188137259642943
"934",934,0.008509919509548,-0.000609880931173228,-13294.375717621,0.179037811319255
"935",935,0.00892555576224839,-0.000627773276428182,-10363.8598192374,0.164753644702166
"936",936,0.00766039326734637,-0.000681013756733102,-8189.19976668082,0.153452498685717
"937",937,0.00976256382101335,-0.000726081264078446,-16030.309771328,0.179438095525189
"938",938,0.00845340598566015,-0.000655482102840139,-13715.7950934155,0.206921838119065
"939",939,0.00950088948548255,-0.000778342206590161,-15617.1538074052,0.182119949410756
"940",940,0.00841070025083661,-0.000634053192831108,-11177.3801701833,0.167460238636841
"941",941,0.0111064717407169,-0.00076711073304936,-15395.4480579721,0.17969327716678
"942",942,0.0054603734548795,-0.000353618420706143,-11545.8592498791,0.183025612971225
"943",943,0.00836796033333589,-0.000604066281684182,-11656.3277970968,0.218232547661821
"944",944,0.00756584883642982,-0.000569607617564498,-14226.9079503391,0.190356067837586
"945",945,0.00842710634026222,-0.000586560984111672,-19978.5258374483,0.20437583747328
"946",946,0.0106759662769207,-0.00085084673376633,-9717.19798665056,0.148313229660063
"947",947,0.00825492228465315,-0.000642905864846342,-16099.9481056219,0.193788665314455
"948",948,0.00674139452197679,-0.000429068092692126,-12025.7352418288,0.167749590771696
"949",949,0.0126875285965354,-0.000986047167498722,-12776.4885654025,0.175758253068875
"950",950,0.00918738475782231,-0.000666896032234569,-19564.7080896037,0.200276019625199
"951",951,0.00901763650540903,-0.000690788069593352,-16587.666968201,0.182491115227284
"952",952,0.00883027883086679,-0.000606619428769308,-12419.9820008209,0.154681212683163
"953",953,0.00794418741778621,-0.000626701506521119,-20476.9243506834,0.202630759039412
"954",954,0.00640706489302017,-0.000481548663150104,-17129.5651490122,0.225848759524119
"955",955,0.00740080376127434,-0.000460662619556494,-18304.2493767487,0.201588612824376
"956",956,0.00922111550969257,-0.00073083350610462,-6738.26153132392,0.140214512714884
"957",957,0.010179570011889,-0.000766610786310142,-14103.0374836076,0.179294874799695
"958",958,0.00931115885822135,-0.000752344142736913,-12397.5785660424,0.185896488087681
"959",959,0.00955662162465377,-0.000728892141820896,-15098.2749362642,0.188769202939479
"960",960,0.00662957394011466,-0.000367589456124854,-12459.2181940472,0.197379617363758
"961",961,0.00780367675409661,-0.000567996222263074,-11635.881202117,0.176560742865615
"962",962,0.0108548142841564,-0.00073673603135405,-11693.9889024021,0.156421935861166
"963",963,0.00761239120869066,-0.000563394957091851,-17806.2955991464,0.198648916467915
"964",964,0.00748998124453933,-0.000453470904619256,-19093.2655651355,0.224494311691926
"965",965,0.00768835413421301,-0.000583836304261476,-16496.6224164853,0.196035185093732
"966",966,0.0102221087571025,-0.00067718266928164,-13505.6833540755,0.195537899018482
"967",967,0.0118510759212907,-0.000990558600039008,-16274.6011028593,0.17354320785393
"968",968,0.00961514982356892,-0.0007072397987972,-12171.1035300851,0.174378774915808
"969",969,0.00979711346511954,-0.000803449923483735,-10029.2918366303,0.179454239659801
"970",970,0.00933896472712843,-0.000692618526510871,-12488.9655107106,0.182756860618882
"971",971,0.00948697820880395,-0.000625774887786275,-19100.1905508892,0.211040397025168
"972",972,0.00925555866083152,-0.000593400458141633,-10470.2070547992,0.165224397625501
"973",973,0.00911119490199478,-0.000479996379350127,-17466.799818876,0.219737577998066
"974",974,0.00946284075939002,-0.000592713967520263,-19747.3216595754,0.209307916064436
"975",975,0.00963597474012016,-0.000660090206890157,-13439.4199393698,0.171703969138532
"976",976,0.00812828889172181,-0.000624254349275123,-22103.0096519509,0.244066864598085
"977",977,0.0100822310887307,-0.000799298306731717,-9817.94158568705,0.158834508513862
"978",978,0.0103249374514373,-0.0008160449751724,-13416.0359855803,0.177416055971385
"979",979,0.00737582669769058,-0.000363479755886588,-17531.1130048063,0.187909804618371
"980",980,0.0095632132466207,-0.000628736899535938,-11698.7136924493,0.167365161122162
"981",981,0.00927686832364982,-0.000684842561722569,-13084.1230570816,0.189455410395185
"982",982,0.00667767559441868,-0.000504378904968443,-22974.7618411602,0.217401083560908
"983",983,0.00771827752167586,-0.000560309212724263,-12126.999631055,0.171790331777723
"984",984,0.00880276726640444,-0.000708819348616615,-15301.1865995283,0.18731197710359
"985",985,0.00817997723115004,-0.000521998851232584,-13117.4242984667,0.167156335592356
"986",986,0.00768963406697964,-0.000495249455973925,-18652.1798195574,0.240183222374786
"987",987,0.00873305459888999,-0.000571925484195407,-12655.1146549489,0.175946891868822
"988",988,0.00878378664542065,-0.00063190055824596,-10552.2677768152,0.173736944658984
"989",989,0.0094399948837912,-0.000759896918471255,-13689.5268854883,0.19117166047679
"990",990,0.0110471570588653,-0.000773025082058184,-16752.0046390447,0.191728445279721
"991",991,0.00633489595058055,-0.000507982135964271,-16516.6689573764,0.203970363458758
"992",992,0.01077772566006,-0.000659474539521455,-14964.8454020078,0.199007517059633
"993",993,0.00794992630390784,-0.000570355384403998,-11544.590687299,0.162781374031398
"994",994,0.00987095936093714,-0.000823439262670314,-11094.6122671668,0.182254279754121
"995",995,0.00932406910595518,-0.000612205424768744,-21814.9635105478,0.221962172398462
"996",996,0.00583477289301713,-0.000335069452827811,-8482.7407149837,0.15804858912278
"997",997,0.0083715628236005,-0.000581864999668345,-21900.8280594683,0.214885399631586
"998",998,0.00977327479044869,-0.000745742016231654,-20901.8031160118,0.209265421018029
"999",999,0.00762502027242169,-0.00050538565754786,-19361.2837452889,0.217673350184615
"1000",1000,0.00886485357696769,-0.000723720440218156,-19367.0315684342,0.226981908280135
