"","boot","coef_main","coef_interact"
"1",1,0.00020263319260865,-2.42925855790139e-05
"2",2,0.000612621737754611,-3.70818157730373e-05
"3",3,-5.334362561005e-05,1.43600035770142e-06
"4",4,0.000682954475512506,-5.41766067309625e-05
"5",5,-0.000161805538336202,1.14608234934897e-05
"6",6,3.51601015847414e-05,2.15356752627702e-05
"7",7,-0.000495305673837732,3.05815640290348e-05
"8",8,0.000648200643250977,6.44543317595957e-07
"9",9,0.0003591223650985,-3.85603125772687e-05
"10",10,0.000507311912005241,-3.81073966665076e-05
"11",11,-0.000152658849615315,3.65242848691663e-07
"12",12,0.000610923975400511,-2.77811777832025e-05
"13",13,-0.000278496899113692,2.95192237957256e-05
"14",14,-9.96472509379094e-05,-1.64459106963864e-06
"15",15,1.1960142496322e-05,-2.16654073258405e-05
"16",16,0.000754882251682661,-5.40033650209644e-05
"17",17,0.000843958137703641,-4.68833309044068e-05
"18",18,0.000633516776498579,-4.84446413611607e-05
"19",19,-7.61765816073176e-05,1.31015525676396e-06
"20",20,0.00133503107583838,-8.51388568396619e-05
"21",21,0.000135594302922894,-7.09539025387512e-06
"22",22,-0.000117313308857893,6.56146031943643e-06
"23",23,0.000345667635201609,8.15591492972982e-07
"24",24,0.000406379203987458,-3.84877238507579e-05
"25",25,-0.0001467920992464,1.21099804428548e-05
"26",26,0.000967382790591023,-4.32066736584373e-05
"27",27,-9.64626689652738e-05,3.91814547758698e-06
"28",28,-6.21763988340078e-05,1.69502854416247e-05
"29",29,-0.000291583896456335,1.81025923139014e-05
"30",30,0.000467219356778432,-4.26155627402786e-05
"31",31,0.000188643331680104,-1.97083043326809e-05
"32",32,0.000195629740474978,-6.81349253712281e-06
"33",33,0.000314788893830833,-5.33722520358192e-05
"34",34,-0.000110463582387595,1.71357505046691e-05
"35",35,-0.000584892018367665,4.34285831964158e-05
"36",36,-0.000549398574289434,2.0295243797718e-05
"37",37,0.000169952520532487,-4.32184535241805e-05
"38",38,0.000223969024984286,-2.75361967432037e-05
"39",39,0.000384575721412443,1.2687806331242e-05
"40",40,-6.10508464042843e-05,-8.49583695827841e-06
"41",41,-2.50011619491143e-05,1.43479090530141e-05
"42",42,0.000608788757104589,-3.44729521870673e-05
"43",43,0.000109957078660899,3.36949978427805e-06
"44",44,0.00035314012211115,-2.87989818179014e-05
"45",45,0.000364944073905299,-3.70585831904331e-05
"46",46,7.19137255247358e-05,-9.16355243209567e-06
"47",47,-0.000557534675346797,2.96699999098428e-05
"48",48,0.000549165534972012,-9.53057590379124e-06
"49",49,0.000462479432363044,-2.85714415846565e-05
"50",50,0.000175384032428742,-3.74121531514581e-05
"51",51,0.0012790441831239,-6.04506841892558e-05
"52",52,-0.000430003109357006,2.40618936985384e-05
"53",53,-0.000355303962216934,3.37596373224632e-05
"54",54,5.76897947053719e-05,-1.31305492476796e-05
"55",55,0.000500822162491036,-2.97635053970738e-05
"56",56,0.00018563004706721,-2.40351504089477e-05
"57",57,0.000332634935567156,-3.19380884775393e-05
"58",58,-0.0002312026170361,2.88917822285901e-06
"59",59,0.000279611150741111,-1.255009881516e-05
"60",60,8.66411781564192e-06,1.07417855858911e-05
"61",61,0.00044074405550424,-5.51803054620533e-05
"62",62,-0.000557535912173552,2.19001282146705e-05
"63",63,3.23961710929695e-05,-7.78673613827068e-06
"64",64,-5.72969024381493e-05,2.12578661922551e-05
"65",65,0.000344029395726574,-3.73035076853672e-05
"66",66,0.000381985586789063,-5.71662567113804e-05
"67",67,0.00120061913625576,-5.55876994735437e-05
"68",68,0.000319017862465574,-3.2457725247026e-05
"69",69,-0.000421762053160535,2.02011677926658e-05
"70",70,-0.000329383432618036,-1.49238949008647e-05
"71",71,-0.000603567737441922,4.85039779856469e-05
"72",72,-0.000286430551960837,1.90288688157666e-05
"73",73,0.000617503548564484,-4.03893215267147e-06
"74",74,6.90453455936325e-05,-4.90377859633534e-05
"75",75,0.000219690232734281,-2.32511657684485e-05
"76",76,0.000238109127908813,1.30967412653717e-05
"77",77,-0.000572602262848085,3.87235407067713e-05
"78",78,0.000328364328124846,2.74501028210483e-06
"79",79,0.000266597978496595,-3.66020374897247e-05
"80",80,1.97829242436031e-05,-5.303402398025e-06
"81",81,0.000153967589767758,-2.74448065919323e-05
"82",82,6.05114770001143e-05,-4.51903149165846e-06
"83",83,-0.000256509192605785,1.87060976188738e-05
"84",84,0.000472925800068684,1.41147019908249e-05
"85",85,-0.000286953094262068,1.65305722484122e-05
"86",86,0.00032662229435124,4.72029001932206e-06
"87",87,-6.64190631277409e-05,1.28391247320273e-05
"88",88,0.000522941872700525,-4.04486678775416e-05
"89",89,0.00105464100275498,-9.78765565404625e-05
"90",90,0.000175925337209571,-2.76317547284581e-05
"91",91,-5.67330519030031e-05,5.12639959297895e-06
"92",92,-0.000620538046460307,4.94090610062888e-05
"93",93,9.42100433762569e-05,-1.79974761533597e-05
"94",94,0.000204399426509034,-1.51085162595221e-05
"95",95,-0.000334276551889016,1.57732038844539e-05
"96",96,0.000306880520244194,-2.85829872105041e-05
"97",97,-0.000190430276979452,2.7975934081e-05
"98",98,0.000202107200758963,-1.8958052407196e-05
"99",99,4.57408473112974e-05,-2.72923272181046e-05
"100",100,0.000480646706345702,-3.7200220254552e-05
"101",101,2.00342034398917e-05,-1.90175548915189e-05
"102",102,0.000315834272259023,-2.91303905299046e-05
"103",103,-3.08728066230061e-05,2.64598753598367e-05
"104",104,-0.000324854054562595,1.74220625640613e-05
"105",105,0.000523710309961329,-1.70656413324498e-05
"106",106,0.000809563315202851,-3.64378621795323e-05
"107",107,0.000691096090499351,-5.36305982398728e-05
"108",108,0.00045921801470531,-1.51288218168845e-05
"109",109,0.000566924257129089,-4.10313237085825e-05
"110",110,0.000806380408927476,-4.37133138220305e-05
"111",111,-0.000181275758143273,7.42366122290626e-06
"112",112,0.000463037701036666,-5.91581450450095e-05
"113",113,-0.000245038505384085,7.29682755667115e-07
"114",114,-0.000185868825644396,-2.54631533136538e-05
"115",115,-0.000252864263182412,5.68551407933345e-06
"116",116,0.000102049861577288,-1.18127477179297e-05
"117",117,-0.000113015770729938,6.62670289181448e-06
"118",118,-0.000612201009249366,2.65863528297482e-05
"119",119,-0.000152824445013634,1.41836223407573e-05
"120",120,-6.02378088348829e-05,-3.01589690397028e-05
"121",121,0.000646981933955022,-5.69103821131001e-05
"122",122,4.65896625240864e-05,-3.67477248749328e-05
"123",123,0.00081643605778335,-7.05150642398539e-05
"124",124,5.16843093807362e-05,-1.14268225407098e-05
"125",125,-7.45686228183876e-05,2.31360616910043e-05
"126",126,0.000268290822857392,-3.38899733855039e-05
"127",127,-0.000460817513086847,6.90290940315127e-05
"128",128,0.000198197168759456,1.27730499757421e-06
"129",129,0.000312633899216621,-2.93483468743022e-05
"130",130,-0.00021673644803555,2.94761269698238e-05
"131",131,-0.000273818919272257,2.74991272395389e-05
"132",132,0.00010573813522009,-8.23609796089485e-06
"133",133,0.000586196515330667,-3.90086191832883e-05
"134",134,-0.00034329013020036,3.0514927355713e-05
"135",135,-0.000950958697450502,5.45351646217331e-05
"136",136,-8.79109767008206e-05,1.51539147933818e-05
"137",137,0.000657154329206193,-3.82068436398165e-05
"138",138,0.000817350169650316,-5.76859256230422e-05
"139",139,4.88169174383714e-05,-1.2263441098387e-05
"140",140,0.000268826796160413,-4.1521257510805e-05
"141",141,0.00100312202100353,-6.39071966674351e-05
"142",142,0.00095303179029836,-6.35121913552183e-05
"143",143,-0.000905811553344883,4.57913959888738e-05
"144",144,0.000360531042180884,-2.1772384597626e-05
"145",145,-3.59083285318709e-05,-3.52986475992911e-08
"146",146,0.000369387934925512,-2.4799671560612e-05
"147",147,0.00053085593185924,4.09750795402223e-06
"148",148,6.50327953518694e-05,8.4127530791018e-06
"149",149,0.000467211559694864,-2.25273337603957e-05
"150",150,0.00059189196957411,-2.8217776622897e-05
"151",151,-0.000517717324186104,4.97182608143524e-05
"152",152,6.21082297474145e-05,2.10240605328993e-05
"153",153,0.000362767689609322,-4.91983877584294e-05
"154",154,-0.000177508979683528,-9.6630222866642e-06
"155",155,0.000744035930477814,-1.78072567624883e-05
"156",156,-0.000210339898440252,1.05610770678891e-05
"157",157,0.000511200400849875,-5.40428341592323e-05
"158",158,-0.000564692155166349,4.06406329060942e-05
"159",159,0.000509528217865961,-1.00999645349992e-05
"160",160,-0.000188384727007825,6.75248401642753e-06
"161",161,0.000290585382667895,-9.70166308094338e-06
"162",162,0.00065498136063213,-4.09977722185446e-05
"163",163,-3.2679101689135e-05,-7.73973588869089e-06
"164",164,-0.000624786466506524,3.31833390285323e-05
"165",165,0.000700292947405977,-5.4644791056935e-05
"166",166,-0.0005769733962686,3.44381341361118e-05
"167",167,-0.00015620171406959,3.67956165801628e-05
"168",168,-0.000689486220551878,5.82495620070235e-05
"169",169,0.000585123109487715,-4.82559077090799e-05
"170",170,0.000303954766486128,-1.71496166236662e-05
"171",171,0.000399676802772247,-4.87967695610375e-05
"172",172,0.000352227736997094,-2.9169038428482e-05
"173",173,-0.000383143686130222,2.38936732506269e-05
"174",174,0.000663936403189886,-6.35586356183052e-05
"175",175,5.00269138216011e-05,-1.11627454893615e-05
"176",176,0.0008724435865371,-8.15907518627546e-05
"177",177,0.000983695672037991,-8.85591735380456e-05
"178",178,0.000569302626179986,-1.65332195760582e-05
"179",179,-7.0643303180138e-05,3.73634133310303e-06
"180",180,6.0514485910871e-05,-1.17039661304072e-05
"181",181,0.000142415988640951,-1.91979933001638e-06
"182",182,-0.000292839144723009,3.34225137224696e-05
"183",183,-0.000184436279148807,3.80466443882517e-05
"184",184,0.000139720462807866,-9.12119538997065e-06
"185",185,-0.000296970354908184,4.49319724269816e-05
"186",186,-0.000413869936352138,3.08347386889797e-05
"187",187,0.000145966332256856,-3.53495321134519e-06
"188",188,0.000575881367995121,-3.04158678313317e-05
"189",189,0.000638471018314773,-6.17054391650552e-05
"190",190,-0.000207424309570726,1.87442920704011e-05
"191",191,0.000270579293996054,-1.76151602663826e-05
"192",192,-0.000190532006377163,3.59255726833533e-05
"193",193,0.000369630757623394,-3.21961300972907e-05
"194",194,0.000345658254835806,-2.88732264483608e-05
"195",195,0.000866039671901527,-4.6657028677399e-05
"196",196,0.000419010262224199,-2.57589030227299e-05
"197",197,-0.000479415651417284,4.39236522869604e-05
"198",198,9.12535161668805e-05,9.00823947692215e-07
"199",199,-6.04779514939525e-05,1.46870885694481e-05
"200",200,-0.000461765495658563,3.51468438523364e-05
"201",201,0.000109910006954858,-7.05983164828978e-06
"202",202,0.000119624249813806,-1.51210346676576e-05
"203",203,0.000760328123001091,-2.90910104395289e-05
"204",204,-0.000195016471836647,1.01873810444498e-05
"205",205,0.00024138752964603,6.05879911331164e-06
"206",206,-0.000112540295200891,1.6708225229016e-05
"207",207,0.000333163836970407,-1.28318574360441e-05
"208",208,0.000341416719880112,2.91728677533356e-06
"209",209,1.22800099319838e-06,-1.16173459880414e-05
"210",210,-2.37992370829403e-05,4.21317902921707e-06
"211",211,9.95022237985339e-05,-1.70899062965426e-05
"212",212,0.000285310088127085,-8.66993527426622e-06
"213",213,-0.000493227886548358,3.01136700279717e-05
"214",214,0.000628470464706844,-2.91114860850518e-05
"215",215,0.000290134638105376,-1.75700486687812e-05
"216",216,-0.000224717562131104,-9.24631622822051e-06
"217",217,-0.000337933009906958,2.665178935152e-05
"218",218,0.000549794547144562,-5.88990063288152e-05
"219",219,-0.000431643021957328,5.28432129873764e-06
"220",220,0.00032330638521107,-3.57873274749401e-05
"221",221,0.000209213652987031,-2.85657072827104e-05
"222",222,0.000592464544570704,-4.2214508000523e-05
"223",223,-0.00037911071559383,5.23278009018157e-05
"224",224,0.000612109094517703,-3.43072306687391e-05
"225",225,-0.000184538264839253,-5.37476446708587e-06
"226",226,-0.000634592134844504,6.11000135141915e-05
"227",227,0.000420905951685322,-3.02889642946745e-05
"228",228,0.000328711581078571,9.5834380087708e-07
"229",229,7.83517784813619e-05,-8.07053895559609e-06
"230",230,0.000256722248000331,-5.10177483293476e-05
"231",231,0.000443671744576719,-4.99245842910657e-05
"232",232,-0.000243355937173345,2.49694934005069e-05
"233",233,0.00021452122571004,-2.32572062465997e-05
"234",234,0.00021116962502925,1.08974769248738e-06
"235",235,-0.000816414248294823,3.6425667066581e-05
"236",236,-0.000433700038451778,4.82509874287075e-05
"237",237,0.000419598238279221,-9.52377472638241e-06
"238",238,-0.000660801787039276,7.61243179536998e-05
"239",239,-0.000384210180456012,7.39966588548415e-06
"240",240,0.000561747209235652,-5.05175491318242e-05
"241",241,0.000387918299853004,-2.6001448808843e-05
"242",242,-0.000361720937942604,-4.07494152472615e-06
"243",243,-0.000852953924875495,4.20065571462258e-05
"244",244,-5.21343441039685e-05,-1.24683368729228e-06
"245",245,0.000186907916122346,3.00877447125626e-06
"246",246,0.000607136213008462,-4.7271017013296e-05
"247",247,0.000569994920836314,-3.03088024373209e-05
"248",248,-1.96673173974756e-05,-4.97399136776294e-07
"249",249,0.00092183782474311,-7.8202646148767e-05
"250",250,0.000281490501923675,-1.6352675407039e-05
"251",251,0.000704772870300007,-4.96526690182076e-05
"252",252,0.000192805289085053,-2.25407885070256e-05
"253",253,0.0001531186116603,-1.2373748553252e-05
"254",254,0.000962219033726704,-8.5594164099279e-05
"255",255,0.000328875593466023,-1.59501830115706e-05
"256",256,-0.000470960508851355,2.92362628133533e-05
"257",257,-0.000158859885362992,-3.13090582339988e-06
"258",258,-8.4575005748759e-05,1.64408603423561e-06
"259",259,-0.000148392476890312,-3.50730273776889e-06
"260",260,0.000255030946326126,2.21610185616585e-05
"261",261,0.000475802484318292,-3.14681725198578e-05
"262",262,0.000476288273757935,-1.81940784989636e-05
"263",263,-0.000812629939902155,3.1724703933775e-05
"264",264,0.000128984465255226,9.33848078535081e-06
"265",265,-0.000713038425085392,4.46164701888299e-05
"266",266,0.00041127610657299,-4.1089473411038e-05
"267",267,7.53600765081205e-05,-8.80187491291981e-06
"268",268,0.000486843268951203,-6.48474158508456e-05
"269",269,0.000456390415863177,-2.77614823396195e-05
"270",270,0.00014702920329224,-2.61362930122949e-05
"271",271,-0.000831202155845654,6.8987774178194e-05
"272",272,2.46486047277631e-06,-8.58628396976297e-06
"273",273,0.000347813235895566,-1.59018558678074e-06
"274",274,0.000335268772200958,-2.17516811559789e-05
"275",275,0.000118856939893679,-2.61755346213444e-05
"276",276,0.000564951365883134,-2.67072958559761e-05
"277",277,-0.000432515657315968,7.48574369214574e-05
"278",278,0.000360943020120029,-2.75080371910801e-05
"279",279,-0.000388758688907965,2.55198931206089e-05
"280",280,0.000367653896107326,-5.96014050046747e-06
"281",281,0.000222135462190107,8.20907749856242e-07
"282",282,0.000463750636232546,-3.72102751316689e-05
"283",283,0.000984370235503764,-6.32900258232288e-05
"284",284,-0.000315997760577374,3.02846964790998e-05
"285",285,-0.000852643153722717,5.19820671137873e-05
"286",286,2.12994791069607e-05,-1.55314649286354e-05
"287",287,-0.000209089512082712,1.12215857746756e-05
"288",288,-0.000447636682034501,2.12541281110831e-05
"289",289,0.000159872405067323,6.53981780876159e-06
"290",290,0.000440793317811072,-1.4154812387284e-05
"291",291,0.00106928170920132,-8.73219954068633e-05
"292",292,0.000162156125270894,-2.24452570007246e-05
"293",293,-0.000230899517070819,-5.87804675173479e-06
"294",294,8.29721620709993e-05,-3.04269440473372e-05
"295",295,0.000551062894096283,-1.96083812142458e-05
"296",296,-0.000322675194086326,2.2601774792699e-05
"297",297,0.000597528799277643,-3.13011113438954e-05
"298",298,0.000140307320813634,-2.44023520785163e-05
"299",299,-0.000508217283536491,4.7700734379672e-06
"300",300,0.000389533401167124,-7.55827418554444e-06
"301",301,0.000502189624186044,-3.6576286044427e-05
"302",302,0.000694260251540302,-5.09163386994432e-05
"303",303,0.000384522002591573,-2.51761909790395e-05
"304",304,-0.000335813319646811,2.69350776409382e-05
"305",305,-0.000758182761906843,2.71778258626971e-05
"306",306,-9.47120759501554e-05,-4.72793787861508e-06
"307",307,-0.000223483787511155,4.21445902157165e-05
"308",308,0.000102731618328914,-4.53903196597483e-06
"309",309,0.000161968092979964,-6.01895277568308e-06
"310",310,0.000563434660452818,-4.18757671695116e-05
"311",311,0.000750383169261651,-3.85541699616895e-05
"312",312,-0.000655101273888764,5.89792208663881e-05
"313",313,-0.000173957066923265,1.74215989589803e-05
"314",314,-0.000297259805648642,-4.26789150122611e-06
"315",315,-0.000180810105033666,1.13709931111545e-05
"316",316,0.000276384458232173,-6.41378012132993e-05
"317",317,6.98961390208841e-05,-1.68686777255254e-05
"318",318,0.000901772867617059,-8.08491320486231e-05
"319",319,-0.00025565486092012,1.1373988667882e-05
"320",320,-0.000845412005348212,3.34901511729147e-05
"321",321,-0.000272464792424647,4.86214567605486e-05
"322",322,-8.09310418615405e-05,2.88519456802625e-05
"323",323,-0.000947350294342752,4.18318855041662e-05
"324",324,0.000181858644420482,-6.566967717593e-06
"325",325,-1.18814196266363e-05,5.04249305395773e-07
"326",326,-0.000902064596124369,7.36845745282166e-05
"327",327,-0.000153269819023941,-2.11172283163819e-05
"328",328,0.000276763896829512,-2.27988729403257e-05
"329",329,-0.000741251084514731,6.27516091716732e-05
"330",330,9.93370081103824e-05,1.0750090606036e-05
"331",331,0.000105687586179764,-2.31677249535428e-05
"332",332,0.00153988224781524,-8.31573689184808e-05
"333",333,0.000684160420187623,-6.20684728827481e-05
"334",334,0.000691142515759281,-5.02173078605528e-05
"335",335,0.000369846437354964,-8.00235044549221e-06
"336",336,0.000203179827117612,-4.00676218044308e-05
"337",337,-0.000714338055190173,5.36630434137261e-05
"338",338,0.000588337693078542,-3.01858588778574e-05
"339",339,0.000465949899815532,-1.05340143690803e-05
"340",340,3.10910794700831e-05,-8.87567966917628e-06
"341",341,0.00053057089220446,-4.5938082471495e-05
"342",342,0.000373675068639518,-3.61020645269326e-05
"343",343,0.00019917438032783,-2.90250953773096e-05
"344",344,-0.000276519311897629,1.48988609963143e-05
"345",345,0.000240866186702854,-1.71812112211574e-05
"346",346,0.000177582170530271,-2.72453307165417e-05
"347",347,0.000180157150524834,7.65997380584137e-06
"348",348,0.000616179200825486,-1.40872802415189e-05
"349",349,-0.000320406566148584,2.33308456566555e-05
"350",350,0.000375778229599166,-1.49084819920525e-05
"351",351,-0.000120612245632464,1.40672610067397e-05
"352",352,0.000612500748733551,-3.5518577220389e-05
"353",353,6.43272038491247e-05,-4.39936064837625e-05
"354",354,0.00106360737915375,-8.71312121918794e-05
"355",355,0.000325583028244969,-9.8765536350833e-06
"356",356,0.000415539341740533,-1.30618083994507e-05
"357",357,0.000990077437648736,-8.2897650763642e-05
"358",358,0.000357417775594097,-3.03412199288829e-05
"359",359,2.24289457943938e-05,-2.60353715927756e-06
"360",360,5.69742403921536e-05,7.37944549156676e-06
"361",361,0.000759157054819725,-4.48822656482939e-05
"362",362,-0.00039411725959845,-3.66092624617474e-05
"363",363,0.000949304600255154,-2.18465434275886e-05
"364",364,-6.86552624684366e-05,-3.61879352233554e-05
"365",365,0.000370960590761852,-1.82956572704095e-05
"366",366,2.17282023915976e-05,-1.65347443869465e-05
"367",367,0.000463101475991795,-4.79146001006934e-05
"368",368,0.000406758466188126,-2.5200777724057e-05
"369",369,0.000348580697222732,-2.83274891837135e-05
"370",370,-0.000262278881750671,1.84826463313806e-05
"371",371,0.000124535920164232,-2.67242908008014e-05
"372",372,0.000511675408331964,-2.91876378400895e-05
"373",373,-0.000373510463982408,1.70959894265839e-05
"374",374,0.000447999816263473,-1.94664687375925e-05
"375",375,0.000801650260665009,-4.21711038200594e-05
"376",376,0.000159652921168676,-1.41755413724722e-05
"377",377,-0.00044842075395231,-8.35058732012468e-06
"378",378,-0.000281261649519089,2.69368023654533e-05
"379",379,0.000246650829887226,-3.346236500205e-05
"380",380,6.02298204743359e-05,1.93673334586203e-05
"381",381,0.000229244865307034,1.35878022522684e-06
"382",382,-0.000114553865392615,3.39176198634022e-05
"383",383,-0.000449902591491685,3.84151351347816e-05
"384",384,0.000109285181867545,1.15842545700911e-05
"385",385,0.000605119910676717,-5.30947344382712e-06
"386",386,-0.000359043586758872,5.0583057664708e-05
"387",387,8.87541641001167e-05,1.24009430663691e-05
"388",388,-7.20212566693969e-05,-6.03826446154334e-06
"389",389,-0.000171675295184383,3.10701615512917e-05
"390",390,-0.000499901294696054,6.1564048790002e-05
"391",391,0.000479596605236987,-4.44486778499881e-05
"392",392,-0.000318857796132951,1.96085431490912e-05
"393",393,0.000251536328773478,-2.25497534259837e-05
"394",394,-0.000113084220303844,6.14657526238842e-06
"395",395,-0.000814372203889877,4.05401072849665e-05
"396",396,0.000526452716234225,-4.82445734805631e-05
"397",397,0.000144642568103355,-5.57319093401526e-06
"398",398,7.52893576168137e-05,1.30872733835404e-05
"399",399,-0.000540856166267802,7.77138947000479e-06
"400",400,-0.00020951549080599,3.19185493264544e-05
"401",401,0.000194564862336149,1.09061691388039e-05
"402",402,0.000212293255518332,-5.41586947996461e-07
"403",403,0.000722246671272188,-3.02106372877912e-05
"404",404,0.000223356811587663,-1.04081746807435e-05
"405",405,-0.000284571527329704,2.27589110308617e-05
"406",406,-0.00029352362853182,1.80186306015454e-05
"407",407,0.000232568062638909,1.46091704380421e-05
"408",408,0.000628755945818164,-5.00133594929841e-05
"409",409,0.000678568013908739,-3.17752999621386e-05
"410",410,0.000174008402070439,-1.9510990368039e-05
"411",411,7.02723544467114e-05,-3.20505032921276e-06
"412",412,8.60791390364392e-05,2.38441199278938e-06
"413",413,0.00069620737361983,-3.6049619426834e-05
"414",414,0.000314878306584367,-2.09999251466735e-05
"415",415,9.10384691946207e-05,-3.04144354270278e-05
"416",416,0.00044646602873386,-1.94576779108553e-05
"417",417,0.000699452505167098,-6.88221101754257e-05
"418",418,0.000302974023640543,-1.57808199516761e-05
"419",419,0.000863203703644981,-7.95023034994647e-05
"420",420,-0.000815275565943318,4.22369890947607e-05
"421",421,3.44819453255344e-05,-1.57171591303993e-05
"422",422,0.000283424778048913,-1.4924786337854e-05
"423",423,0.000709637904032685,-4.50019151189336e-05
"424",424,0.000370217988805262,-2.12245517557056e-05
"425",425,0.000235999082157913,-1.89607225192709e-05
"426",426,-8.36604798840707e-06,1.06356063198976e-05
"427",427,-0.000321621975301448,2.62452042326068e-05
"428",428,0.000389050507300965,-1.9116907578271e-05
"429",429,0.000773529707174574,-5.5736341489145e-05
"430",430,0.000582640434313541,-4.36664859275233e-05
"431",431,0.000170113799814074,1.47688854273067e-06
"432",432,-0.000352229621680349,7.77485936398615e-06
"433",433,0.000427684438644975,-1.3724405304369e-05
"434",434,-4.63831613586175e-05,-4.51396991643795e-05
"435",435,-5.59732796984746e-06,4.07557489219255e-07
"436",436,-9.52442331532913e-05,-4.25009836549186e-06
"437",437,-2.04673670761189e-05,1.79516550495961e-05
"438",438,9.71814442318088e-05,-1.19647117196117e-05
"439",439,0.000570570122134343,-5.93631303426231e-05
"440",440,7.12679902932351e-05,1.92121269648309e-06
"441",441,0.000107150777077421,-2.00020015349007e-05
"442",442,-0.000520676886667933,1.81445349528721e-05
"443",443,0.000435658390604135,-3.76398471659929e-05
"444",444,-8.1040216430829e-05,2.29709625813124e-05
"445",445,-0.000731949703387073,1.63276579301198e-05
"446",446,0.000900670565120166,-4.12886801032241e-05
"447",447,-6.91563909964069e-05,-1.40586558563097e-05
"448",448,-0.000306021186321973,1.2147069051456e-05
"449",449,-0.000390150387621122,3.76793164274069e-05
"450",450,0.000380643122016691,-2.35426965781011e-05
"451",451,0.00044264385763062,-4.91142177010177e-05
"452",452,0.000226096009639696,3.08618121446081e-07
"453",453,-0.000405321311754976,4.12940926624989e-05
"454",454,-0.000133361332276012,-9.51781231778818e-06
"455",455,0.000308540487691043,-3.52627120456317e-05
"456",456,0.000171013889970157,-1.43904000023066e-06
"457",457,0.000321248913764965,-1.62220405511681e-05
"458",458,-0.00053260159935678,3.60589940558939e-05
"459",459,0.000187479756218396,-2.91566912268292e-05
"460",460,0.00038747920149375,-3.4286548124281e-05
"461",461,0.000390694496012548,-2.1438581418804e-05
"462",462,0.000114440613573203,-1.52749169650888e-05
"463",463,0.000394906192167013,-4.88994162164857e-05
"464",464,0.000592216832608033,-5.84378414895036e-05
"465",465,-0.000763703848245159,5.88305818240346e-05
"466",466,-0.000304983317949947,2.33434702426889e-05
"467",467,-0.000464609261944002,3.04897370425807e-05
"468",468,0.000516999950297877,-3.32458949132821e-05
"469",469,0.000542377625797643,-5.65679126640277e-05
"470",470,0.000293443217273705,-2.72995160700708e-05
"471",471,-0.000378212363899282,-7.40374128536778e-06
"472",472,0.00036716344985366,-3.00661718990634e-05
"473",473,-0.00112273815488987,8.52299536700683e-05
"474",474,-0.000671534159595188,6.4636766920408e-06
"475",475,0.000429507377138353,-4.12562067645232e-05
"476",476,-0.000193472936281213,-1.24842796289667e-05
"477",477,0.000496682069714003,-4.93269636920063e-05
"478",478,5.43936755317164e-05,-3.04622075688838e-06
"479",479,0.000128039031845274,-2.26887916728198e-05
"480",480,0.000813981023445378,-9.04212606758835e-05
"481",481,0.000346855058675401,-3.17254835149234e-05
"482",482,0.000336631770889124,-3.74617196013694e-05
"483",483,0.000895926302238316,-5.95705062827263e-05
"484",484,0.000551474095839973,-4.32584418846087e-05
"485",485,-0.000158292905222698,2.58836251997982e-05
"486",486,0.000444054637387591,-2.80315251579008e-05
"487",487,0.000145710910181281,-3.91756690039666e-06
"488",488,-0.00072123265896279,1.87541407600624e-05
"489",489,0.000466099346567478,-2.40628338541498e-05
"490",490,-0.000195902904236989,1.58161262297886e-05
"491",491,-0.000232680759013996,5.87548166167468e-06
"492",492,-4.98805475577145e-05,2.67015513169783e-06
"493",493,0.000460574866454503,-2.02148296562061e-05
"494",494,0.000149316645008274,5.86061940452707e-06
"495",495,0.00121553855876034,-6.461594736349e-05
"496",496,0.000166323059819074,3.00908125854431e-05
"497",497,0.00094778291945461,-9.15407092934226e-05
"498",498,0.000380417428818029,-1.09189578120334e-05
"499",499,-0.000112983211871457,2.8429171091793e-05
"500",500,0.000670466172447852,-4.44130417202305e-05
"501",501,0.000696039226783164,-4.35910229817704e-05
"502",502,-0.000172627109869829,5.89369446196844e-07
"503",503,0.000527670894890188,-4.66707480753739e-05
"504",504,-7.86070418172352e-05,2.86587410365908e-05
"505",505,6.78435832791072e-05,1.26247908144432e-05
"506",506,0.000433642796102473,-2.29094123476244e-05
"507",507,0.000811507092245529,-8.32398222545621e-05
"508",508,0.000367576183479291,-1.7818820395429e-05
"509",509,-0.000209440783256546,1.31151285693592e-05
"510",510,0.000312382367271881,-1.57262985908946e-05
"511",511,6.72305713928188e-05,-2.69236583198831e-06
"512",512,0.00110487614302509,-4.98722595708092e-05
"513",513,-0.000352892746897681,2.49705110842301e-05
"514",514,-0.0010642771308827,4.08103591967802e-05
"515",515,-0.000265467405345961,1.27391147102797e-05
"516",516,-0.000387729913784721,-1.96422697691246e-06
"517",517,-1.28541122869879e-06,-4.77830220153833e-06
"518",518,0.000190535333613525,3.01816307943974e-06
"519",519,0.000561971259940368,-1.45257943553789e-05
"520",520,0.000512865343842217,-6.72896360279347e-05
"521",521,8.19231171345328e-05,-1.06468811380448e-07
"522",522,-0.000484478198210783,3.35997696078938e-05
"523",523,0.000293000269508151,-2.46849994292404e-05
"524",524,0.000353843987398676,-1.71465896907099e-05
"525",525,-0.00029816790501882,1.59866903193335e-05
"526",526,0.00143557883798051,-8.31255246299057e-05
"527",527,-0.000653551124142836,4.53202527387098e-05
"528",528,0.000105748167413974,-1.68917427029557e-05
"529",529,0.000282159398776636,1.96420939151575e-06
"530",530,-0.000307167173385037,-1.53727854567642e-05
"531",531,-0.000243741138853042,2.40446555748214e-05
"532",532,-0.000531832852110752,9.48045651627633e-06
"533",533,0.00057864835253785,-4.15965043232926e-05
"534",534,0.000565668700287877,-3.45311218605927e-05
"535",535,0.000303823911946855,-7.73492992808214e-06
"536",536,0.000552161399171171,-2.66547745026567e-05
"537",537,0.000536221047312596,-4.77360328671072e-05
"538",538,-0.000202032116426816,2.77774993399936e-05
"539",539,6.29417695150626e-05,-2.06418823267139e-05
"540",540,-0.000273402289057952,-5.07320154444641e-06
"541",541,0.000180316134445586,5.18942088829597e-07
"542",542,0.000453040486804327,-2.83036900390015e-05
"543",543,5.24474259705374e-05,-8.40787466047838e-06
"544",544,9.34502214954772e-05,2.06782496998951e-06
"545",545,-9.5272015892845e-05,9.57044388001182e-06
"546",546,0.0002806519201197,-3.71903465556282e-05
"547",547,-3.88544387983764e-05,-6.58870985547359e-06
"548",548,0.000375393225140402,-6.40018304166472e-06
"549",549,2.01508261831707e-05,7.78376636266775e-06
"550",550,0.000169478692446934,-3.45729857708976e-05
"551",551,0.000314898745842653,-2.14139542496937e-05
"552",552,0.000684220776486425,-5.63986837185527e-05
"553",553,0.00011558594773934,-2.41101318509088e-06
"554",554,-3.70499813227853e-05,1.31007680461253e-05
"555",555,-0.000202559289110822,4.03051784855736e-06
"556",556,0.000715534144067812,-1.4552697377246e-05
"557",557,-0.000858216981571055,5.59933945169761e-05
"558",558,0.000250936971224909,-1.90497114734884e-05
"559",559,0.000588703631199764,-1.43541205705002e-05
"560",560,-0.000152328448933499,-1.19235197148035e-06
"561",561,4.73468594282629e-05,1.93914687584146e-07
"562",562,-2.94116682036324e-05,-2.32632201272914e-05
"563",563,0.000647687990999254,-6.55727070361294e-05
"564",564,0.0011689612053737,-7.53100998585283e-05
"565",565,-0.000376062305286718,4.16244959949946e-05
"566",566,-0.000106782941331574,-1.97458346861458e-05
"567",567,0.000501754866977994,-2.77448671981076e-05
"568",568,0.00045441260993056,-2.0461333485114e-05
"569",569,0.000656849145805364,-8.12951287626007e-05
"570",570,9.67476410498799e-07,-1.81985717538072e-05
"571",571,-0.000195657946796548,-2.05288804428774e-06
"572",572,-0.00019701573521967,-8.86133324435853e-07
"573",573,0.000280226995746776,-2.11596035211205e-05
"574",574,-0.000223505366738252,-4.40041980336896e-06
"575",575,-8.52226121598593e-05,4.08198497577594e-06
"576",576,4.04324689884705e-05,-5.33666830954465e-06
"577",577,0.000568955963050152,-4.14611534009998e-05
"578",578,0.000226956920343658,-3.44181639532239e-05
"579",579,0.000358545425182588,-2.3423777549153e-05
"580",580,-0.000206210222514863,9.34863133880749e-06
"581",581,-0.00038071633677211,2.80763373768462e-06
"582",582,0.000551894774401367,-1.34695210909581e-05
"583",583,-9.27144217456978e-05,2.14283008565824e-05
"584",584,-0.000932125335519743,4.3645058412154e-05
"585",585,-0.000165440078319497,-8.53627622256144e-06
"586",586,0.000751846785029576,-8.86825523264752e-05
"587",587,0.000259210526871804,-5.95186461224425e-05
"588",588,0.000168917026454684,3.76758613491098e-06
"589",589,0.000585492929761429,-1.12088279996078e-05
"590",590,-0.000146243805839361,-1.0085720941167e-05
"591",591,5.76291181835133e-05,-5.68567576925394e-06
"592",592,0.00027889135012802,-1.55906673177426e-05
"593",593,-0.000143721062295751,2.47124781066619e-05
"594",594,-0.000611453857739506,4.88083407911508e-05
"595",595,0.000140526199395875,2.35059669238414e-05
"596",596,0.000144702154537162,2.11648474693869e-05
"597",597,-0.000960065328015629,5.30090273337513e-05
"598",598,-0.000401868007717335,2.19129687445807e-05
"599",599,-5.66642435443546e-05,1.790708987482e-05
"600",600,0.000956995910773494,-4.98790630158648e-05
"601",601,0.000942626894274456,-6.66402785279659e-05
"602",602,0.000329256242015301,-1.44585953357721e-05
"603",603,-0.000303884654111554,1.22329966521359e-05
"604",604,-0.000566757347426182,2.91428049603679e-05
"605",605,-0.000193710996423364,-2.52677724067739e-05
"606",606,-0.000462039857969063,3.68714753754886e-05
"607",607,-0.0003628774084557,4.18008250637128e-05
"608",608,-0.000163284778797683,-5.98933161582915e-06
"609",609,0.000137936895357254,4.89129803163973e-06
"610",610,-0.000331324227117873,3.51699250585713e-06
"611",611,0.000628790389191897,-3.69915458447569e-05
"612",612,0.00120264415934848,-8.71612350906554e-05
"613",613,0.000288020794256078,-3.03535372661967e-05
"614",614,0.000279059370180428,-3.10823992029941e-05
"615",615,0.00062680879858652,-2.00131972771241e-05
"616",616,0.000677554018951382,-3.34723172780725e-05
"617",617,-2.5377020419402e-05,-7.85195685795107e-06
"618",618,0.000140324554670854,2.06988818192491e-05
"619",619,0.000309224242251371,-2.46060548922824e-05
"620",620,0.00108134151795108,-7.62441586469452e-05
"621",621,0.000518500423879283,7.18452291326838e-06
"622",622,-0.000170426089314352,2.84523255026838e-05
"623",623,0.000229831643814145,-4.55318118996926e-05
"624",624,0.000557617912216197,-5.49211354858629e-05
"625",625,0.000512870801575838,-3.45714405362812e-05
"626",626,-0.00021367752915477,3.66920207334954e-05
"627",627,0.000298351345011104,-2.96819099187374e-05
"628",628,-0.00040379958451015,4.65018596932196e-05
"629",629,0.000867604140789752,-6.06764304522232e-05
"630",630,0.000679793124219886,-4.36564599298197e-05
"631",631,0.000412543434073486,-3.69697803286166e-05
"632",632,0.000306614679022728,-2.88564930531474e-05
"633",633,-0.000151272210590426,3.51651026566809e-07
"634",634,0.000957191802529823,-7.33342844877718e-05
"635",635,0.000105284755516857,-3.77684338710494e-06
"636",636,-0.000189084195000602,-3.11212729690042e-06
"637",637,0.000320330971742723,-8.99105865639457e-06
"638",638,-0.000222697739214052,2.20832798843894e-05
"639",639,8.86914013836051e-05,-1.12955248122718e-05
"640",640,-0.000459365992803635,2.66405879935645e-05
"641",641,0.000153697536438662,-1.54990660591852e-05
"642",642,9.26235458761351e-05,-2.39754483194198e-05
"643",643,-0.000274487733905843,2.07769816059296e-05
"644",644,-0.000133827846831789,3.65585988614566e-05
"645",645,0.000501517853043284,-4.77382754885847e-05
"646",646,-0.00088512862815806,4.24010344240335e-05
"647",647,-0.000297816606247633,2.95257053004586e-05
"648",648,0.000214897948677514,-4.27292884951453e-05
"649",649,0.000160534591739153,-3.04113144515191e-05
"650",650,-0.00051440415153439,5.36458846964506e-05
"651",651,0.000266543025461464,-1.78343281567052e-05
"652",652,0.000919584133228099,-6.25512740794593e-05
"653",653,0.000306331761747048,-2.21724044881899e-06
"654",654,0.00036086125762087,-2.39053821715322e-06
"655",655,-0.000349912001860703,3.23700260038943e-05
"656",656,0.000565979624381465,-3.05011977327799e-05
"657",657,-0.000424174790290968,1.70349913414932e-05
"658",658,-9.73902611659774e-05,2.16607366232089e-05
"659",659,-0.000249895508954965,1.97359355376944e-05
"660",660,-8.29843873942294e-05,-2.43680924892068e-05
"661",661,0.000463970397075909,-2.90696698338639e-05
"662",662,-4.26885078845098e-05,1.37184437379266e-05
"663",663,0.000469950264817584,-5.29636797321848e-05
"664",664,0.000178409909365895,-2.22066684457338e-05
"665",665,0.000783439500255741,-4.50076639680152e-05
"666",666,-0.000178129446145805,1.55569667558694e-05
"667",667,-0.000106563642226751,-1.01455573242097e-05
"668",668,0.00013755840993229,-1.786647687261e-05
"669",669,0.000106824927065811,-6.96836151084547e-06
"670",670,0.000286037955133232,-2.45273739769544e-05
"671",671,0.000789866955529177,-8.33467729348867e-05
"672",672,-9.31125667902865e-05,3.5822574694515e-05
"673",673,0.00044820028819328,5.94643949196116e-09
"674",674,0.000485102994580301,-1.39604723424217e-05
"675",675,0.000290131668401269,1.29126061599359e-05
"676",676,-0.000731254083461382,2.1588252618333e-05
"677",677,-0.000166767396518138,-3.38683639141851e-06
"678",678,0.000142145819101965,-3.01095357502641e-05
"679",679,-2.99928898568823e-05,1.25403475374143e-05
"680",680,-0.000289893725010164,7.81184962484682e-06
"681",681,-0.00045148330335563,3.4363523305573e-05
"682",682,0.000636580544953625,-8.1837555889922e-05
"683",683,0.000410780726936705,-1.51008852956583e-05
"684",684,0.000149706984783465,-1.08015274677584e-05
"685",685,-0.000149892854852049,-4.01574028097326e-06
"686",686,-0.000253388428295667,2.70052064905878e-05
"687",687,-0.000501641023709888,4.64300485744809e-05
"688",688,0.000172510644225987,-3.77576595311113e-05
"689",689,0.000470735632082781,-3.59843521133123e-06
"690",690,-0.000575438212419584,3.30825910613125e-05
"691",691,-3.69966390844798e-05,3.16919020169405e-06
"692",692,-0.000429188096331637,5.24726353544098e-05
"693",693,0.000224079067305029,-5.1912094164115e-05
"694",694,6.65191600702523e-05,3.78679907023491e-07
"695",695,-0.000222682703232386,4.41286763311546e-06
"696",696,-0.000229233017846915,-1.30470926521761e-05
"697",697,0.000367396520692144,-3.43742779345028e-05
"698",698,9.96140217172069e-05,-5.25447875040628e-07
"699",699,0.000373767182139474,-2.44528801731572e-05
"700",700,0.000201431774325241,5.27684712765398e-06
"701",701,-0.000172430448509994,1.05240900646237e-05
"702",702,2.53198411910378e-05,-3.9167503027321e-05
"703",703,-0.000118623343364422,7.36349000516243e-06
"704",704,0.000252140516643071,-2.38266676560719e-05
"705",705,-0.000600730530206789,3.03397254100868e-05
"706",706,0.000875954453888464,-2.67345189518355e-05
"707",707,0.000178579907334723,-1.95074147076231e-05
"708",708,0.000168383631836485,-1.75634615160382e-05
"709",709,-0.000695817598933415,3.88033143633808e-05
"710",710,-0.000102572849098993,-1.36448170388973e-05
"711",711,0.00070537873079593,-7.06211750384815e-05
"712",712,0.000289519527925736,-5.12751312422004e-05
"713",713,0.000195691992652406,1.15206908713657e-05
"714",714,0.00054394059611889,-3.72613191603145e-05
"715",715,-0.000424249902156647,1.10527605317012e-05
"716",716,0.00053820444599598,-3.79604651886113e-05
"717",717,0.000399225143148746,-9.48131821451277e-06
"718",718,-0.000351772836908317,4.98029151190015e-05
"719",719,-0.000237419727035219,-2.2281949513647e-05
"720",720,0.000765842061756399,-5.66308498037977e-05
"721",721,-0.000381014921500484,1.29565453271935e-05
"722",722,0.00035617544780028,-3.37722876274099e-05
"723",723,0.000460688877252107,-3.25155616983115e-05
"724",724,-0.000187399200751452,-1.7310005730366e-07
"725",725,0.00102832410514269,-5.30198701444019e-05
"726",726,0.000508858605283077,-3.04373871333848e-05
"727",727,0.000315421894314456,-2.78434411288544e-05
"728",728,-0.000451944585563897,3.93956959666291e-05
"729",729,-0.000307208762415032,6.27031897537046e-06
"730",730,0.000491717329699649,-6.69939097275095e-05
"731",731,-0.000275882444241286,-1.21513274451147e-05
"732",732,0.000133226672026336,5.39450897951479e-07
"733",733,-0.000469158485181602,5.34639454216521e-06
"734",734,0.000302297811761934,-2.02591479282763e-05
"735",735,0.000528900005026604,-2.34859800892887e-05
"736",736,0.000301759657902057,-1.53104876015911e-05
"737",737,-0.000520251916675973,3.05354775353137e-05
"738",738,-0.000169772925943395,2.60567498217516e-05
"739",739,0.000142772688308423,4.61742147654229e-06
"740",740,0.000415526936175433,-3.57052557669061e-05
"741",741,0.000184616131312742,-2.12085337388309e-05
"742",742,0.000273049995551851,-1.17606961849682e-05
"743",743,0.000957914436862251,-7.11985472004209e-05
"744",744,-0.000263986068235442,1.9462154121243e-05
"745",745,-2.98130334234375e-05,-3.81008002975795e-05
"746",746,5.87939280482234e-05,-1.0987480733161e-05
"747",747,-0.000103477372746266,2.04530101543427e-05
"748",748,0.000831794789363791,-4.79365661295414e-05
"749",749,0.000465914855088252,-2.58027703672965e-05
"750",750,0.000341780889403067,-5.15128932570682e-05
"751",751,-0.000201738871870989,2.30597610573451e-05
"752",752,0.000750225959053938,-5.74386866732086e-05
"753",753,0.0003511012517937,-2.05036582759497e-05
"754",754,0.000148685106655617,3.53206936715113e-06
"755",755,-0.000619009538202876,5.94846981251116e-05
"756",756,0.000321851412304919,-7.95608485443698e-06
"757",757,0.000249901497656638,-1.49800442210786e-05
"758",758,0.000292791857797272,-5.70732062424183e-05
"759",759,0.000581496622870509,-2.09342763374167e-05
"760",760,-0.000583789507719456,9.87290974881366e-06
"761",761,0.000257906612506004,1.19636915493193e-05
"762",762,-0.000132001321919816,-2.41104297110968e-05
"763",763,-4.56452214896948e-05,3.47589026986323e-06
"764",764,3.34763088939852e-05,1.47530586401586e-05
"765",765,-0.000479093581377977,1.08149450500528e-05
"766",766,0.000665404189945291,-4.45338309071874e-05
"767",767,0.000525854052669735,-3.30088791352405e-05
"768",768,0.000269517225614694,-6.43153813084448e-06
"769",769,0.000783598054767874,-7.73491218131958e-05
"770",770,0.000164080464010159,-1.68409517310324e-05
"771",771,-0.000310679287987959,2.6380062877462e-05
"772",772,0.000441314941014537,-1.64423156968529e-05
"773",773,-4.6223521695243e-05,-7.70650961266623e-06
"774",774,-0.000398641988892735,3.83069829711842e-05
"775",775,0.000392631113962766,-1.3231596365024e-05
"776",776,-0.000621202980600934,4.82005925961265e-05
"777",777,-0.000143077181382541,-2.61802849431568e-05
"778",778,0.000505686353786938,-1.28286124873061e-05
"779",779,7.0394485575599e-05,-7.6318591093823e-06
"780",780,0.000205812072196181,-1.43489006865606e-05
"781",781,0.000675596305624497,-5.05112803634198e-05
"782",782,0.000479021445742855,-2.70918737157901e-05
"783",783,0.000217944428205158,-3.54880961413977e-07
"784",784,0.000150896153952002,-6.28141248148186e-06
"785",785,-0.000225163055391706,1.88689271406522e-05
"786",786,-0.000300685762737518,4.63903207209067e-07
"787",787,0.000437719853473878,-1.65184077175918e-05
"788",788,0.000343392358280153,-1.68034821967742e-05
"789",789,0.000544318155090023,-5.67161040373238e-05
"790",790,-0.000155468604633033,-4.16838075389984e-06
"791",791,0.000512402321232767,-5.24148970911023e-05
"792",792,0.000583759889381362,-2.36534581193478e-05
"793",793,0.000754967575511146,-5.18959739078409e-05
"794",794,0.000572102479982328,-5.13213012846437e-05
"795",795,0.000148878385465099,-3.26466296866316e-05
"796",796,-0.000337117976288766,3.74148811246401e-05
"797",797,3.63957071136263e-05,-2.80908458601035e-05
"798",798,-0.000199632841152482,-1.17561268189862e-05
"799",799,0.00054253029650721,-4.63137206744462e-05
"800",800,0.000335196357056765,-2.31663335427267e-05
"801",801,0.00072357948293148,-5.74756648661896e-05
"802",802,0.001415051168577,-0.000108965101982929
"803",803,-0.000191006959470363,1.48338575450781e-05
"804",804,5.92109393740383e-05,-6.89698851102096e-06
"805",805,0.000138809323687816,-9.4293663149639e-06
"806",806,0.000570278539776591,-2.70293799992992e-05
"807",807,0.000412277317513026,-1.23093694448388e-05
"808",808,0.000418723760636689,-2.44095866737789e-05
"809",809,-5.13751125137948e-05,9.38393625366678e-06
"810",810,-0.000203343024922715,2.46288821362104e-05
"811",811,-7.73233442191079e-05,2.23355340541671e-05
"812",812,0.00102593254615005,-5.23027207193135e-05
"813",813,0.000915321121570624,-4.69755445311468e-05
"814",814,-0.000792597344015209,4.33142864073178e-05
"815",815,0.000762434571810172,-4.58255966066981e-05
"816",816,0.000196283861335461,-3.67144642401733e-05
"817",817,0.000488877378008788,-3.63861140788231e-05
"818",818,0.000183199711056871,-5.63865272288343e-06
"819",819,0.000340735299784058,-1.64857494718124e-05
"820",820,0.000588800646606722,-8.40014895154931e-05
"821",821,0.000327851561479583,-6.60826683195402e-05
"822",822,0.000464233579352738,-3.04120028486206e-05
"823",823,-0.000144530232572848,3.24412488947338e-05
"824",824,-0.000719496903930284,4.77133301160641e-05
"825",825,0.000396794250255081,-3.29539720379742e-05
"826",826,1.25137871465583e-05,-9.29499721516955e-07
"827",827,-0.000102488829995079,-2.17232940495846e-07
"828",828,-0.000709437343739798,4.56089963301939e-05
"829",829,0.000671230685170471,-5.48133706355804e-05
"830",830,0.0003751466181477,-2.11675667794518e-05
"831",831,1.18901036459645e-06,-5.64087964483821e-06
"832",832,-0.000335356228643033,1.68330440247106e-05
"833",833,-0.000237794935606822,2.60181801963839e-05
"834",834,0.000295472764878285,-3.44457856933968e-05
"835",835,0.00041538581967037,-1.48491021753844e-05
"836",836,-2.78748467694941e-05,-2.02905023747667e-06
"837",837,0.000872569762845288,-6.39716163968488e-05
"838",838,0.000642240586678355,-3.61258570206261e-05
"839",839,-0.000214700740825594,1.46092776799829e-05
"840",840,0.000232964279035082,-4.03581014603294e-05
"841",841,0.000440799623438789,-4.68278981190017e-05
"842",842,0.000704188996352364,-5.34476542818644e-05
"843",843,0.000566286733516856,-1.77442476522723e-05
"844",844,-0.000551652197709728,3.55890757188064e-05
"845",845,7.15794222055732e-05,-1.50171031435744e-05
"846",846,-0.00024107242946759,2.61923097719598e-05
"847",847,0.000982347628013424,-5.54694275660029e-05
"848",848,-0.000405499779771456,1.47435497276613e-05
"849",849,-0.000190740951956795,3.27395963260823e-05
"850",850,-0.000112116238970432,3.03596613822406e-05
"851",851,0.000196071559656112,-1.81052879072004e-06
"852",852,-0.000299075191315279,1.91572389659038e-05
"853",853,-1.73352819621398e-06,-8.75579634103271e-06
"854",854,-0.000189478017871955,2.39612839926329e-05
"855",855,-0.000127684685690764,1.07460479386095e-05
"856",856,0.000594513269671339,-5.93731625070534e-05
"857",857,-0.000283084334410054,2.11784239851789e-05
"858",858,0.000504847904055156,-3.28626877080531e-05
"859",859,0.000694082445041202,-5.35604009296017e-05
"860",860,-0.000590422660900378,-2.96128717428557e-06
"861",861,0.000392171861719675,-8.81942849504733e-06
"862",862,-0.0002002754535305,-1.51904939092011e-05
"863",863,0.000570654458292523,-4.37667926144498e-05
"864",864,3.52160955341332e-05,-2.23962538821939e-05
"865",865,-0.000498221426038202,-1.47750653928031e-05
"866",866,0.000572932720755883,-2.79663791440234e-05
"867",867,-0.000384156480252085,4.02385058208272e-05
"868",868,-0.0007469060143066,2.87669998760019e-05
"869",869,-0.00010827221077172,1.95262199957246e-05
"870",870,-0.000327506494954288,2.00638415515973e-05
"871",871,-0.00028596085869639,1.28014270415661e-05
"872",872,0.000596648999081826,-3.51912571327651e-05
"873",873,9.25434880290804e-05,1.71848211783499e-06
"874",874,0.000178926137029993,-1.70709964747478e-05
"875",875,-0.000171213692536047,-1.55421752088751e-06
"876",876,0.000428846171827325,-6.07791276291688e-05
"877",877,-0.000719070247009411,2.71833560409146e-05
"878",878,3.03224000191966e-05,-2.97713563198963e-06
"879",879,0.000309878999113164,-2.32648777229614e-05
"880",880,0.000473008733879156,-1.84344041525502e-05
"881",881,-2.89631688867229e-05,-1.03839361803488e-05
"882",882,-0.000184660243441513,2.28665194376396e-05
"883",883,0.000232897909893248,-3.25657209554274e-05
"884",884,0.000397245691267961,-5.05472325779315e-05
"885",885,-0.000328151587252394,1.90564981028915e-05
"886",886,0.000453905290700843,-3.47443808672789e-05
"887",887,0.000438598086798548,-1.4388070670678e-05
"888",888,0.000940893169206699,-5.84579472264234e-05
"889",889,-0.000637083803245763,3.84569785614555e-05
"890",890,-0.000274680604482603,7.87756870067725e-06
"891",891,-3.81802786210679e-05,2.15005838926005e-05
"892",892,0.000838989763432292,-6.00789384911308e-05
"893",893,-5.0859558982381e-06,-2.34722440593077e-05
"894",894,-0.000189427586079025,-2.53706829885274e-07
"895",895,9.79650408356921e-05,4.66483532283353e-07
"896",896,-2.6340234480411e-05,-3.07690623230869e-06
"897",897,0.000240489137393708,-6.16867380087419e-05
"898",898,0.000368933227271311,-3.32766570823043e-05
"899",899,0.0006325782137746,-2.26237620432539e-05
"900",900,-0.000131416387058729,4.77952101647508e-06
"901",901,0.000344972034064028,-8.32732521138856e-06
"902",902,-0.000327901148443459,3.09745601389925e-05
"903",903,0.000842651237004392,-2.39150921908108e-05
"904",904,0.000396972892745504,-2.18016986887881e-05
"905",905,0.000885307579860828,-4.70018042266402e-05
"906",906,0.000761816134903609,-5.19510377423273e-05
"907",907,0.000227257797241428,-2.71508372244738e-06
"908",908,0.000540674363550925,-6.48039692416039e-05
"909",909,0.000258067928330418,-1.54404517934814e-05
"910",910,0.000542055733079587,-5.61355072466428e-06
"911",911,5.07646817024284e-05,-9.16553342201238e-06
"912",912,8.69888945413948e-05,3.56793491462475e-06
"913",913,0.000557821800426423,-4.04077798656878e-05
"914",914,0.000407488344180468,-6.73990200218802e-05
"915",915,0.000146957995614076,2.11989785908583e-05
"916",916,0.000261650146073756,-4.66806537954535e-05
"917",917,-0.000119517504045381,1.28284400203259e-05
"918",918,-0.00027484368828236,7.80894895101743e-06
"919",919,0.000260022612982978,-5.25741150108801e-05
"920",920,0.000197557654502395,3.7883437303413e-07
"921",921,0.000296929377306184,-2.0390485745852e-05
"922",922,-0.00033101446747856,3.11051704216017e-06
"923",923,0.000134853027022882,-3.4383779633596e-05
"924",924,0.000458218328979254,-2.8151279945986e-05
"925",925,0.000379051232410287,-1.36094013246338e-05
"926",926,-0.000460784868567013,2.6920788280307e-05
"927",927,-0.000217639280327992,4.78652062535083e-06
"928",928,0.00116195710100596,-7.51515466092366e-05
"929",929,-0.000243869200070416,2.28760425014747e-05
"930",930,0.000590946914362076,-4.19260171311127e-05
"931",931,0.000119523645949184,-3.16093260623236e-05
"932",932,-0.000157863876570715,-6.15471343892592e-06
"933",933,-0.000151464434012655,3.12623638190918e-06
"934",934,-0.00069531746149829,3.79073394171876e-05
"935",935,0.000329441073382976,-3.19979843226809e-05
"936",936,0.000227078842802935,-1.19824150382438e-05
"937",937,-0.000460566007103136,2.13610113963806e-05
"938",938,3.93115306550124e-05,-1.71013380437707e-05
"939",939,-0.000780451649481932,2.54152351326224e-05
"940",940,0.000181549260843081,7.61267325529681e-07
"941",941,4.29976601854506e-05,-2.87744325998162e-05
"942",942,0.000314423714364403,-2.20482929149074e-05
"943",943,0.000308166540426271,-1.65639622825088e-05
"944",944,-0.000335926471225282,2.67606194821287e-05
"945",945,-0.00013163912553063,-5.20942634039617e-06
"946",946,-0.000145019103441023,1.60289262116024e-05
"947",947,3.24793878755695e-05,-4.54495288295522e-06
"948",948,0.000130655390855816,1.36587219678001e-05
"949",949,7.73596222238354e-05,-2.74404081775444e-06
"950",950,0.000843180080745558,-4.8913249237789e-05
"951",951,-0.000512069538321541,3.57363424040085e-05
"952",952,-0.000318857375517017,3.54368862424977e-05
"953",953,0.000111549349680848,1.30964387751716e-06
"954",954,0.000233942783789628,-2.58926802576999e-05
"955",955,-4.11708204115819e-05,2.76766584731123e-06
"956",956,-8.5608685229047e-05,-1.28673576225617e-06
"957",957,0.000114916766933188,-1.54314649046852e-05
"958",958,-0.000355334756950784,2.23531109611387e-05
"959",959,0.000303720252299736,-1.72144441969513e-05
"960",960,-1.14128718448888e-05,2.21542816254697e-05
"961",961,0.000162537106196184,9.42249831164793e-06
"962",962,0.000675872531321938,-8.87779059515255e-05
"963",963,-0.000223001027699009,-5.82983629244189e-06
"964",964,0.000465800338933719,-3.12221882426993e-05
"965",965,-5.76335296806648e-05,1.67250038323284e-05
"966",966,0.000194541841616559,-9.75911845001655e-06
"967",967,0.000338434447769564,-2.2573956695657e-05
"968",968,0.00036232281104662,-4.68754755818029e-05
"969",969,0.000289985312670192,-1.17138493900508e-05
"970",970,7.2074437934315e-05,-2.280298362712e-05
"971",971,0.000378918382058149,-3.53636672111301e-05
"972",972,0.00055378725414029,-3.43039977121995e-05
"973",973,0.000555302458973212,-3.01549133153257e-05
"974",974,-3.53243997583242e-06,1.29313270625798e-05
"975",975,0.000632146671084437,-3.85601526917268e-05
"976",976,9.62375391590893e-05,-3.22427632834966e-05
"977",977,0.000285619389586221,-2.40852790308624e-05
"978",978,0.000410043499920629,-4.37366363905633e-05
"979",979,0.000135611092388828,3.28798591523616e-06
"980",980,0.000143485182172328,-2.9179385286331e-05
"981",981,-0.000277348182089116,2.21908074350902e-05
"982",982,0.000827651619366057,-3.34309494838758e-05
"983",983,0.000251449970303194,-3.03948062169449e-05
"984",984,-0.000310458056257819,1.76592125681365e-05
"985",985,-0.000246364004975049,3.2741522838801e-05
"986",986,-0.000120289547817815,1.47680404236045e-05
"987",987,0.000630434973992959,-3.7336358170923e-05
"988",988,5.4434086032935e-05,1.18805377670816e-06
"989",989,8.39877003834824e-05,1.16843831133797e-05
"990",990,0.000205482336894017,-3.20609658031676e-05
"991",991,-0.000234947533947411,2.8588723326686e-05
"992",992,0.000588230653482389,-1.5139833244897e-05
"993",993,6.75803551455525e-05,-8.37695653465173e-06
"994",994,0.000240097634013587,-4.31432002009371e-05
"995",995,0.000378550941344343,-3.57829244122699e-05
"996",996,0.000239368273944596,-1.64926865478509e-05
"997",997,0.000316759169683741,-3.2524107338547e-05
"998",998,-9.83309267751682e-05,7.0305196801087e-06
"999",999,-0.000194257093112926,3.71190524012815e-05
"1000",1000,-4.16427939313486e-05,-8.03801546666081e-06
