"","boot","coef_var","coef_interact"
"1",1,-0.113470170063276,0.00204773094525175
"2",2,-0.124624890114711,0.00227725530136774
"3",3,-0.109165914311833,0.00221108261178226
"4",4,-0.0651546183814776,0.00045468713261769
"5",5,-0.111591908789988,0.00220943007225481
"6",6,-0.122015504078328,0.00246594733807411
"7",7,-0.118387047005012,0.00221595860967168
"8",8,-0.092743659057782,0.00117682322525287
"9",9,-0.125184752516804,0.00217078953642834
"10",10,-0.128964315979021,0.00264007115481038
"11",11,-0.112472257053612,0.00209598940372359
"12",12,-0.0971250191077806,0.00176995450670684
"13",13,-0.106945320732045,0.00150486551042974
"14",14,-0.11405158094265,0.00217852894832811
"15",15,-0.0902856016643109,0.0014135101641761
"16",16,-0.125603835868272,0.0024267629927481
"17",17,-0.131343172316616,0.00298266953099378
"18",18,-0.0954927997913012,0.00110488074481585
"19",19,-0.127703772085574,0.00279254987175522
"20",20,-0.110159008531475,0.00188630914072658
"21",21,-0.117974139967362,0.00207518131929044
"22",22,-0.125827814184875,0.00251334451012422
"23",23,-0.125627522474716,0.00246537448443378
"24",24,-0.116507694125723,0.00217846767921144
"25",25,-0.125988242353302,0.00278428538027741
"26",26,-0.131996830420069,0.00307197880882569
"27",27,-0.0916066192271218,0.000955366152798408
"28",28,-0.104990667441676,0.0016176841443698
"29",29,-0.131581156132065,0.00297270904958791
"30",30,-0.117289599035192,0.00199734897767792
"31",31,-0.0909660266206717,0.00140105498449201
"32",32,-0.0879698141070756,0.00105816722145214
"33",33,-0.118243347271607,0.00232532197522034
"34",34,-0.102705151607719,0.00182967918794333
"35",35,-0.112490530440106,0.00206261251446484
"36",36,-0.11564766330276,0.00229572501103084
"37",37,-0.112723597459727,0.0023559092545646
"38",38,-0.12125814907298,0.00220580737023056
"39",39,-0.117866792885844,0.00235309393117389
"40",40,-0.145009282826126,0.00309412329057354
"41",41,-0.127690044104262,0.00234909278978318
"42",42,-0.109849686552094,0.0020588646669714
"43",43,-0.127350136124215,0.00268666918292185
"44",44,-0.0897056317786908,0.00112055984555204
"45",45,-0.107238447010426,0.00189229399654297
"46",46,-0.132910440342224,0.00271921386646981
"47",47,-0.0875125665772447,0.000962441945714891
"48",48,-0.107276035449749,0.00182370152285019
"49",49,-0.133497716223956,0.00299198512143069
"50",50,-0.118397709401618,0.00222963305401054
"51",51,-0.112721878528926,0.00226049472230189
"52",52,-0.0846238768510719,0.00115288197833757
"53",53,-0.103442564986671,0.00220262915605433
"54",54,-0.105433649196702,0.00221793127145229
"55",55,-0.11462054529512,0.00224194518901254
"56",56,-0.147488341307116,0.00355454154312881
"57",57,-0.114121118807227,0.00199609613466334
"58",58,-0.106458043700044,0.00224939511863267
"59",59,-0.108180905373881,0.00205465724369732
"60",60,-0.137992751008212,0.00312496975518496
"61",61,-0.116921910336187,0.00224145057073218
"62",62,-0.121344245175004,0.00213743069376999
"63",63,-0.108522736267906,0.00202764393988476
"64",64,-0.139688622254531,0.003262008830848
"65",65,-0.128493245237101,0.00281237922794133
"66",66,-0.111175344105333,0.00178985589793226
"67",67,-0.0929211572650177,0.00146855047783008
"68",68,-0.115163026221786,0.00218053962251411
"69",69,-0.116341848020593,0.00205000404076205
"70",70,-0.111094274694562,0.00190602895050114
"71",71,-0.128489670130583,0.00266454444175783
"72",72,-0.113526222064955,0.00221382659866046
"73",73,-0.104029865787699,0.00163997249820371
"74",74,-0.11551872239961,0.00172665609804115
"75",75,-0.104616415718434,0.00208668989172561
"76",76,-0.124672352382974,0.00248483030243533
"77",77,-0.0992938047306783,0.00174202750726196
"78",78,-0.11151729180332,0.00196753440082433
"79",79,-0.0929119320367483,0.00133868621843322
"80",80,-0.114906073008991,0.00239412309903246
"81",81,-0.0918849521845888,0.00133128871334797
"82",82,-0.11622384634976,0.00218469368478153
"83",83,-0.100978302984749,0.00164593084865079
"84",84,-0.0929113090433426,0.00110084670744533
"85",85,-0.121770514997502,0.00255357359053733
"86",86,-0.129814830235421,0.00269294445674006
"87",87,-0.119664824994192,0.00250605747887888
"88",88,-0.132670070963921,0.00308943764115189
"89",89,-0.113100546971767,0.00200247106945017
"90",90,-0.140940401967684,0.00300708511543942
"91",91,-0.116948715081323,0.00237955307771179
"92",92,-0.139937024811138,0.00303934225182726
"93",93,-0.0961281126573578,0.00149740992384379
"94",94,-0.126459517332632,0.00247526604912824
"95",95,-0.108136448666985,0.00215068449335143
"96",96,-0.0838495394844046,0.0011364640649365
"97",97,-0.122541503057294,0.0026562112771266
"98",98,-0.0869700825631761,0.00119020874338731
"99",99,-0.132596346290033,0.00289248454014233
"100",100,-0.111925703058568,0.00214787349358109
"101",101,-0.120680748083659,0.00241873152777463
"102",102,-0.11702628732651,0.00229299812552949
"103",103,-0.104735066648112,0.00170895793467547
"104",104,-0.118760502524384,0.00281953521423839
"105",105,-0.121057969454497,0.0026522968745972
"106",106,-0.112529688997635,0.00267029987506384
"107",107,-0.100504942482405,0.00154869610300764
"108",108,-0.103854251130807,0.00156896849298243
"109",109,-0.0826395134714037,0.000706312604355788
"110",110,-0.123943811637005,0.00277788285449944
"111",111,-0.117153274615214,0.00224632602285617
"112",112,-0.0944434208029185,0.00147283338377276
"113",113,-0.117220396443089,0.00259153458865777
"114",114,-0.10822850435661,0.00216376742155476
"115",115,-0.110305927423884,0.00229724660234997
"116",116,-0.104764659072834,0.00153019405014962
"117",117,-0.112786293895511,0.00220707241869489
"118",118,-0.0906493734208029,0.00101837374983825
"119",119,-0.123129736930313,0.00282242466536848
"120",120,-0.115015185489385,0.00242434279339971
"121",121,-0.127743207197008,0.00296766895103468
"122",122,-0.112383231229263,0.00233586653522539
"123",123,-0.0841288903145343,0.00142810486251265
"124",124,-0.115271802527708,0.00206311966191796
"125",125,-0.0905909803852567,0.00134061198369405
"126",126,-0.0999486753235967,0.00196307825445363
"127",127,-0.103968821566574,0.00161292687163717
"128",128,-0.119599915910497,0.002363660618609
"129",129,-0.119056210550548,0.00221313169720973
"130",130,-0.112177732093405,0.00212350234707352
"131",131,-0.100738819759983,0.00194177803106086
"132",132,-0.0957129518218248,0.00169953357722861
"133",133,-0.0967270760128491,0.00141609583160629
"134",134,-0.0830771533094194,0.000998970993716321
"135",135,-0.147506492667235,0.00320705932800546
"136",136,-0.0996054201236737,0.00168729862332043
"137",137,-0.109472965766839,0.00180908871862259
"138",138,-0.137294769556796,0.00289672484810962
"139",139,-0.109309409925909,0.00213189857431747
"140",140,-0.112622085415938,0.00238836226190356
"141",141,-0.0961650429603795,0.00172256067951392
"142",142,-0.116442589182923,0.00216746674060781
"143",143,-0.119252295298664,0.00212785544546222
"144",144,-0.127799715943484,0.00291697832529478
"145",145,-0.0858978531761367,0.00111324264848885
"146",146,-0.131627818540133,0.00310329526498934
"147",147,-0.101546136666336,0.00177819523389865
"148",148,-0.0870331792228075,0.00094829320616063
"149",149,-0.0959204455515174,0.00151671458558891
"150",150,-0.12664613744904,0.00285221700370136
"151",151,-0.119187921075223,0.0021970760865376
"152",152,-0.114787597784191,0.00231674830417413
"153",153,-0.101521440194582,0.00154781658818384
"154",154,-0.111327752492644,0.00229864229067058
"155",155,-0.120647399477488,0.00228957231446863
"156",156,-0.100461187276403,0.00131570956643567
"157",157,-0.119406317646473,0.0021697848464157
"158",158,-0.107775059833219,0.00211836442581416
"159",159,-0.111150354884651,0.00221601469874511
"160",160,-0.136695056677055,0.00312740329258218
"161",161,-0.111611731462514,0.00222538057121353
"162",162,-0.0854711623271449,0.000850116745141381
"163",163,-0.120586955590535,0.00252063042048575
"164",164,-0.111659256653342,0.00215863456383485
"165",165,-0.117030374480458,0.00220499113465589
"166",166,-0.126129324591821,0.00265991780661706
"167",167,-0.105552234593296,0.00211632576708833
"168",168,-0.125815379628506,0.00257609777478208
"169",169,-0.072814098337318,0.000490967513365986
"170",170,-0.0769162092689303,0.00073822552310435
"171",171,-0.0799285128996978,0.00105350562568466
"172",172,-0.103424687582289,0.0017690230525626
"173",173,-0.1187506872812,0.0021228885932983
"174",174,-0.127641300693621,0.00282712625338254
"175",175,-0.0982506211987473,0.00182836801315929
"176",176,-0.0933556509257488,0.00163923137245671
"177",177,-0.103536712216161,0.00173065001103497
"178",178,-0.129404760399409,0.00217202298236606
"179",179,-0.118931256070728,0.00230980660172912
"180",180,-0.111583175762247,0.00217777924746811
"181",181,-0.0968941508277752,0.00146010970206439
"182",182,-0.100205392285997,0.00141007253166115
"183",183,-0.106359562489862,0.00184154429188984
"184",184,-0.0996827995735704,0.00139327805759936
"185",185,-0.119843644465111,0.0022777815742023
"186",186,-0.0976815085595438,0.0014123638140905
"187",187,-0.120235384208816,0.00285527697078048
"188",188,-0.119631072985877,0.00249912167424505
"189",189,-0.114422393855222,0.00189389855433108
"190",190,-0.112177886965212,0.00217120811453183
"191",191,-0.105281029373135,0.0016488660127817
"192",192,-0.11659163594772,0.00207372782286028
"193",193,-0.0869939733013662,0.00140453966191284
"194",194,-0.0843249982277936,0.00119486087669197
"195",195,-0.116515869873664,0.00238797395525575
"196",196,-0.14820656169004,0.0036721806990908
"197",197,-0.106960576595075,0.00196841912008403
"198",198,-0.124128613200869,0.00261360672477991
"199",199,-0.110973145764719,0.00227989180737171
"200",200,-0.110149591539629,0.0020559693279191
"201",201,-0.104858419640445,0.00191004397807815
"202",202,-0.131355833214413,0.00280974334928729
"203",203,-0.0939533073002635,0.00170295792688308
"204",204,-0.133077593443277,0.00304953428896506
"205",205,-0.130451835827377,0.00309044198821872
"206",206,-0.0981222046310405,0.00166672088355773
"207",207,-0.118162666028495,0.00216864101418321
"208",208,-0.127339345151444,0.00248007630014023
"209",209,-0.105683987756242,0.00187552625289858
"210",210,-0.125292296494725,0.00265499871411383
"211",211,-0.101433834997007,0.00152871671908921
"212",212,-0.0855511565538323,0.00100638955531409
"213",213,-0.0999910975637047,0.00112114547086645
"214",214,-0.100285526634466,0.00183516188096377
"215",215,-0.111099033064889,0.00235383041702291
"216",216,-0.12300328976931,0.00288283932088153
"217",217,-0.0937397005619075,0.00165925707669636
"218",218,-0.104563539826552,0.00159337716169911
"219",219,-0.11610670297333,0.00232239020248644
"220",220,-0.101089199375656,0.00147482630724375
"221",221,-0.0887139516575555,0.0013684607370736
"222",222,-0.105850462615539,0.00198183928346727
"223",223,-0.115016330786524,0.00253372669802952
"224",224,-0.130385520201218,0.00299419357953309
"225",225,-0.125310279046695,0.0027421587420051
"226",226,-0.110127739782709,0.00169967799250949
"227",227,-0.110037640120703,0.00173608999432536
"228",228,-0.113346220783803,0.00203633464649677
"229",229,-0.0795363246994548,0.000823082343871633
"230",230,-0.0993797988937543,0.00163110881207253
"231",231,-0.087650696808967,0.00111154329469979
"232",232,-0.12814979299958,0.00247587926880258
"233",233,-0.093884201433122,0.00142407723543605
"234",234,-0.10038647048586,0.00215919781506796
"235",235,-0.131321723598624,0.00310477953458886
"236",236,-0.0734957913983703,0.000434372247177373
"237",237,-0.114798645867294,0.0019137172767485
"238",238,-0.137315935298355,0.00274095533622174
"239",239,-0.0992136073754901,0.00181006040126499
"240",240,-0.100691865034816,0.00157398203555559
"241",241,-0.14025557346177,0.00324032576954908
"242",242,-0.114778541044211,0.0024409445707537
"243",243,-0.0904610749313407,0.00155427325841074
"244",244,-0.103870785947969,0.00180851369926467
"245",245,-0.102727185654913,0.00199099878650921
"246",246,-0.101518102607153,0.00164256494700994
"247",247,-0.101385445830085,0.00219881499680017
"248",248,-0.125389443708905,0.00252696743248451
"249",249,-0.13026069626203,0.00274780973961234
"250",250,-0.0804618812229495,0.000641389693139563
"251",251,-0.12204013780745,0.0024699953355223
"252",252,-0.11530560770626,0.00192101461233517
"253",253,-0.109176525756842,0.00225262435129002
"254",254,-0.122370812681365,0.00242736652071265
"255",255,-0.112790828666788,0.00192886612989992
"256",256,-0.120899876887504,0.00264303772760207
"257",257,-0.123589678753094,0.00259027578263078
"258",258,-0.120060872002095,0.00240347028157059
"259",259,-0.10807394692097,0.00189199910384278
"260",260,-0.0935093886956939,0.00119365666843824
"261",261,-0.107586622113957,0.00229448548766737
"262",262,-0.0986076931114489,0.00169290324073696
"263",263,-0.118889004742294,0.00219190222725158
"264",264,-0.12623180628381,0.00233339074107045
"265",265,-0.0900028574978255,0.0013816355760642
"266",266,-0.114511153499901,0.00220330617523611
"267",267,-0.112206480783052,0.00198541213122869
"268",268,-0.13291230585745,0.00315087205737654
"269",269,-0.126668847204861,0.00318343151403934
"270",270,-0.1073811698149,0.00215415288085604
"271",271,-0.105960439486845,0.00190827298010187
"272",272,-0.102558562360513,0.00239628599892927
"273",273,-0.095437668430175,0.00166280890131372
"274",274,-0.107209194747367,0.00188554557840197
"275",275,-0.0898361330370051,0.00121930450184185
"276",276,-0.130827793617972,0.00279889973404734
"277",277,-0.116917577922545,0.00235324477590101
"278",278,-0.120375530023121,0.00267541059300925
"279",279,-0.0955566356620612,0.00152578792933746
"280",280,-0.102796773037783,0.00162915050563354
"281",281,-0.0878500256083867,0.00134457863480864
"282",282,-0.155326848079762,0.00327261638778482
"283",283,-0.105931936722813,0.0019697246817639
"284",284,-0.130924381103844,0.00260991190677568
"285",285,-0.0872774855196032,0.00135231186434529
"286",286,-0.127105757532041,0.00268732204905479
"287",287,-0.0961829140220826,0.00116245132860921
"288",288,-0.0916656675359342,0.00167292058288265
"289",289,-0.104117815083586,0.00172782624452614
"290",290,-0.104863082528492,0.00156565042391924
"291",291,-0.135470722886663,0.00290090015264482
"292",292,-0.138457162383548,0.00297968318975212
"293",293,-0.116491153652523,0.00220698664811771
"294",294,-0.0955940008813831,0.0014307326050279
"295",295,-0.110948251973549,0.00253231480711051
"296",296,-0.103204453870039,0.00165614887831793
"297",297,-0.110051463565155,0.00202241001221605
"298",298,-0.1279191778111,0.00234521046811188
"299",299,-0.0860807270438353,0.000963116298183305
"300",300,-0.114637470334409,0.00238940446877764
"301",301,-0.0919637661239872,0.00136802979039617
"302",302,-0.112613584026115,0.00238534569412021
"303",303,-0.0872256163332387,0.00129263376008195
"304",304,-0.0943921052993318,0.000938834119494063
"305",305,-0.120320918014374,0.00231749904039957
"306",306,-0.0817316002176179,0.000961604131774043
"307",307,-0.0920187260725952,0.00144631678153397
"308",308,-0.104458510900938,0.00169084573755606
"309",309,-0.0825486045795299,0.00138012323432159
"310",310,-0.11971012710643,0.00243445147111206
"311",311,-0.104082605904245,0.00209153790145381
"312",312,-0.134165903587917,0.00293923410308556
"313",313,-0.0981789171375323,0.00161448974260003
"314",314,-0.130678923094131,0.00295478670335755
"315",315,-0.113954832812624,0.00221280297883409
"316",316,-0.115675345742016,0.00183500117732059
"317",317,-0.118075122976632,0.00228384404698119
"318",318,-0.0973344042303087,0.00154473481795997
"319",319,-0.117228590560091,0.00196941349814834
"320",320,-0.113561727832733,0.00242998185973355
"321",321,-0.0953892478863287,0.00142729137143867
"322",322,-0.133069446156421,0.00312253064232448
"323",323,-0.0880116514446789,0.00110718601259551
"324",324,-0.121246098976285,0.00257552158372912
"325",325,-0.10873764889632,0.00214424999673912
"326",326,-0.112758847429281,0.00210579416279581
"327",327,-0.112737507729659,0.00284234064141869
"328",328,-0.115789414776538,0.0022633223920845
"329",329,-0.118140675996107,0.00206038454421747
"330",330,-0.149225554103665,0.00312893601259734
"331",331,-0.105720115072031,0.00170297898566819
"332",332,-0.0789075732763443,0.000513504085888684
"333",333,-0.0997738958382518,0.00169190470940525
"334",334,-0.117586902441153,0.00234928433262851
"335",335,-0.0731308762207133,0.000682516433368397
"336",336,-0.0839051289246942,0.00113136895979381
"337",337,-0.103798813281003,0.00175812061570014
"338",338,-0.105562791399794,0.00229558189952387
"339",339,-0.113298667973658,0.002215246050558
"340",340,-0.115124107249352,0.00220396326437931
"341",341,-0.0979698818374525,0.00174990664002377
"342",342,-0.135593094141423,0.00325141483409765
"343",343,-0.1089984564583,0.00230982771291644
"344",344,-0.101224899954301,0.00186713315998768
"345",345,-0.103859482860244,0.00185167932410313
"346",346,-0.130080978110527,0.00314329175572584
"347",347,-0.0991724762361424,0.00143615542378016
"348",348,-0.147759468819136,0.00358900141689536
"349",349,-0.0746495359975727,0.000822791046574527
"350",350,-0.0969334285358594,0.00135247719871122
"351",351,-0.10739436988241,0.00194641591557512
"352",352,-0.136595058033513,0.00262078509997156
"353",353,-0.116141155830504,0.00249065227537321
"354",354,-0.125122202529671,0.00249729562797022
"355",355,-0.109611604754771,0.00208790097336726
"356",356,-0.110371042916799,0.00212699067072459
"357",357,-0.112627345792079,0.00166336496201636
"358",358,-0.0956509739490816,0.00165067904685895
"359",359,-0.129608690892468,0.00207419999323767
"360",360,-0.125738145969222,0.00267439882755931
"361",361,-0.119053495348875,0.00241458095048604
"362",362,-0.132147231087463,0.00308173428980513
"363",363,-0.139203166475217,0.00304652444777104
"364",364,-0.140791707180582,0.00302940368947927
"365",365,-0.0931649612709781,0.00152328439380554
"366",366,-0.121437241267032,0.0024974786709399
"367",367,-0.12828220785218,0.00274342167678564
"368",368,-0.116411651003286,0.00236341226385293
"369",369,-0.106715557078621,0.00192699765050548
"370",370,-0.121709659294192,0.00251747898393814
"371",371,-0.119327902133333,0.00253865840704892
"372",372,-0.104587756939118,0.00214525409520042
"373",373,-0.114225849459475,0.00218414102021813
"374",374,-0.11118431309699,0.00197937103075674
"375",375,-0.095854735389701,0.00163382738698405
"376",376,-0.106848871475814,0.00196632196718816
"377",377,-0.116137938610102,0.00230160534287964
"378",378,-0.130084075753146,0.00247812865762188
"379",379,-0.099375332450366,0.00147295566935454
"380",380,-0.0883174675063267,0.00135508892978631
"381",381,-0.0926985514473589,0.00104237890706549
"382",382,-0.085245154672564,0.00113490180031329
"383",383,-0.132295631986192,0.00314072114328917
"384",384,-0.100564203429355,0.00170537065923888
"385",385,-0.145245250930938,0.0035016971017686
"386",386,-0.127988545660408,0.00256621133812598
"387",387,-0.0922990782516383,0.00124709939577049
"388",388,-0.134209774207974,0.00308252968352168
"389",389,-0.109980728352011,0.00180044358746916
"390",390,-0.129581651408298,0.00288507650383988
"391",391,-0.0958854244308389,0.00150918098724283
"392",392,-0.0869165659701132,0.00109368617433976
"393",393,-0.0939137419205781,0.00136610407215209
"394",394,-0.1049994492551,0.00213289508837169
"395",395,-0.108629312168453,0.00192193127658292
"396",396,-0.112450401838237,0.00181939330163492
"397",397,-0.112166121885395,0.00244304668354184
"398",398,-0.116530171032973,0.00247709662493232
"399",399,-0.100750646852417,0.00181439814240056
"400",400,-0.0873102783655072,0.00125463014327677
"401",401,-0.143301114642526,0.00270929664093556
"402",402,-0.111594594244508,0.00177052740998914
"403",403,-0.0950809652387653,0.00157363925804145
"404",404,-0.121934653376548,0.00259160294570464
"405",405,-0.11016560542773,0.00197419832399151
"406",406,-0.0979414957274213,0.00146595907589254
"407",407,-0.117728075136872,0.00242794378080689
"408",408,-0.0674367603468823,0.000273200007476294
"409",409,-0.146330050549276,0.00360759519334887
"410",410,-0.129553509548077,0.00310340392314746
"411",411,-0.112890968110077,0.00190768088036779
"412",412,-0.107594991000138,0.00196625362026952
"413",413,-0.138299785904137,0.00296978728588988
"414",414,-0.120960428260635,0.00215259545126406
"415",415,-0.122215942816752,0.00233732681995453
"416",416,-0.107643629264691,0.00210683897472333
"417",417,-0.133482419001731,0.00283991254717951
"418",418,-0.126621047315437,0.00288550175729398
"419",419,-0.0945435202868153,0.00151326150133025
"420",420,-0.087135305561781,0.00112758682830527
"421",421,-0.10740187042376,0.00194156664913223
"422",422,-0.10842504958027,0.00183866252810205
"423",423,-0.131149006621515,0.00256648861377259
"424",424,-0.116516147451737,0.00203191597324519
"425",425,-0.106969164830984,0.00204304237933458
"426",426,-0.120999104224004,0.00286937775544286
"427",427,-0.116856515957258,0.002341888471272
"428",428,-0.104226511359353,0.00203276320200413
"429",429,-0.11959899854977,0.00272562297585827
"430",430,-0.114134661492965,0.00219938993195016
"431",431,-0.104460184434104,0.0017200958678149
"432",432,-0.107026812233156,0.00189727958604668
"433",433,-0.0944677117945042,0.00170408666390867
"434",434,-0.0832475370038352,0.00107883092094421
"435",435,-0.128213135651882,0.00319381315981404
"436",436,-0.122720340125377,0.00268370345206535
"437",437,-0.117221539073129,0.0023643436628701
"438",438,-0.098512889420644,0.00177461936243465
"439",439,-0.0877956784120851,0.00136991355060165
"440",440,-0.137404386625966,0.00314312907909557
"441",441,-0.124665245069391,0.00285150885299791
"442",442,-0.0965262333008304,0.00158050357778692
"443",443,-0.125449106071482,0.00279865854974366
"444",444,-0.115047443422454,0.00225026085863446
"445",445,-0.11219278172132,0.00242558962835017
"446",446,-0.111659696331292,0.00229758254915474
"447",447,-0.0966810235024548,0.00143899182030236
"448",448,-0.125425981718779,0.00269647663555256
"449",449,-0.10939176275861,0.00181443680183923
"450",450,-0.101712651466741,0.00190255849162168
"451",451,-0.118505401824303,0.00268114885073869
"452",452,-0.0998246949176256,0.00168485353911037
"453",453,-0.0955357146541417,0.00135180945810603
"454",454,-0.157141620839125,0.00336209844950866
"455",455,-0.102873163301964,0.00159881339744162
"456",456,-0.100956874906862,0.00167951989437184
"457",457,-0.100324279281942,0.00202657629763134
"458",458,-0.104671902317448,0.00190002179666244
"459",459,-0.1020109320231,0.00142322532425555
"460",460,-0.103492463479359,0.00178394440484821
"461",461,-0.0952729285916454,0.00124161815041904
"462",462,-0.129562250976057,0.00285222278307881
"463",463,-0.124230058661038,0.00254034785754651
"464",464,-0.0969917739445018,0.00186900916139609
"465",465,-0.127896637102837,0.00252583333989593
"466",466,-0.119316238007314,0.00234530289966679
"467",467,-0.122225872135106,0.00245400045643827
"468",468,-0.0906764193206838,0.00124613269658014
"469",469,-0.0942657520380911,0.00101955971754179
"470",470,-0.129259708789068,0.00258221167806617
"471",471,-0.093685497605299,0.00135444949129083
"472",472,-0.1119999526388,0.00209865505476469
"473",473,-0.122452467456347,0.0026381513514471
"474",474,-0.112695477790907,0.00243142336296298
"475",475,-0.10797032812088,0.00201150631737669
"476",476,-0.136936726814542,0.00328662610212232
"477",477,-0.136377292837924,0.00308061669796443
"478",478,-0.0971928744717024,0.00200634426056758
"479",479,-0.0992829826251924,0.00162938410130635
"480",480,-0.0990770158102325,0.00158501067065829
"481",481,-0.0899270484115693,0.00137594486430669
"482",482,-0.106850945831197,0.00183906529451574
"483",483,-0.128216267321261,0.00260239165771241
"484",484,-0.131255388545017,0.00305797110705501
"485",485,-0.105660801757381,0.00227345472066126
"486",486,-0.0988034507687188,0.0016800039195197
"487",487,-0.119033949112138,0.00248816827906602
"488",488,-0.113540843252618,0.0025758419810834
"489",489,-0.119559212413259,0.00232572442813287
"490",490,-0.117322832294738,0.00245118359268747
"491",491,-0.106662962015395,0.00201916152263753
"492",492,-0.111345024583414,0.00207581900309065
"493",493,-0.11231559943553,0.00201109455594334
"494",494,-0.106942224627591,0.00190110980034263
"495",495,-0.14335525673231,0.00326558097906118
"496",496,-0.118313763882388,0.00260846630254848
"497",497,-0.142572828377351,0.0033651692618136
"498",498,-0.101886678490655,0.00156272885378191
"499",499,-0.111575278424881,0.00195320228870037
"500",500,-0.120630795010586,0.0020730398697408
"501",501,-0.103165849199184,0.0015779907419662
"502",502,-0.138869711897197,0.00296089945118238
"503",503,-0.120894619581365,0.0025192938849163
"504",504,-0.106987308022131,0.00188460565335239
"505",505,-0.105752350269632,0.00208149698472167
"506",506,-0.105900248681815,0.00141548654634129
"507",507,-0.110139830019689,0.00209419496669659
"508",508,-0.11079335581479,0.00186967731303671
"509",509,-0.105704303816151,0.00157367408644395
"510",510,-0.138522515348777,0.00296659299677401
"511",511,-0.129624174979405,0.00268577500675112
"512",512,-0.104270726249559,0.00215413389350429
"513",513,-0.129446297942359,0.00255344879814977
"514",514,-0.0961603044749255,0.00138257338361376
"515",515,-0.149930724117108,0.00357147353358565
"516",516,-0.0946815392180003,0.00142804275874029
"517",517,-0.127494737875322,0.00294053768575242
"518",518,-0.0772263687235171,0.000681451253743909
"519",519,-0.116553717742353,0.00195286502345124
"520",520,-0.104990678421847,0.00174913114080105
"521",521,-0.112104231740391,0.00213070198962984
"522",522,-0.100194002037467,0.00174515318632363
"523",523,-0.0945107530211132,0.00159677024296475
"524",524,-0.105321535692302,0.00208813864767555
"525",525,-0.126314010318777,0.00309019093305056
"526",526,-0.101523526625958,0.0015931960719943
"527",527,-0.118473446223304,0.00246115427929868
"528",528,-0.112964967569581,0.00245174358819544
"529",529,-0.102417214939694,0.00231716234084278
"530",530,-0.0925884486708642,0.00133681752656681
"531",531,-0.100122126794662,0.00161269757194578
"532",532,-0.129770809667574,0.00297916318980641
"533",533,-0.0948099443229684,0.00120592695498899
"534",534,-0.0736803647458418,0.000848313263452287
"535",535,-0.136090046818496,0.00322490482174995
"536",536,-0.110713003713437,0.00218396723164168
"537",537,-0.110210394100949,0.00249821321693598
"538",538,-0.120271883262622,0.00224391510548492
"539",539,-0.105011304863088,0.00164966475215915
"540",540,-0.0808443955589011,0.00105511274812123
"541",541,-0.107037606347327,0.00187423344593641
"542",542,-0.0882248423679301,0.00129333414217276
"543",543,-0.111770983180445,0.00205015424751995
"544",544,-0.0919709563835572,0.00125916726813795
"545",545,-0.125181796370481,0.00329947761570595
"546",546,-0.106558220492485,0.00173302771013633
"547",547,-0.111932594699403,0.00197791433537819
"548",548,-0.101788688326158,0.00192997720091078
"549",549,-0.121850094321339,0.00228247146925608
"550",550,-0.13652769924893,0.00319055679748899
"551",551,-0.135749685923129,0.00336057870805961
"552",552,-0.106705380708614,0.00218404312205213
"553",553,-0.107726414406139,0.00191851263906029
"554",554,-0.0900205173815819,0.00162388148097506
"555",555,-0.102783640204987,0.00201709404063405
"556",556,-0.0828179722440169,0.000927910178968011
"557",557,-0.0807132313033556,0.000775983705640368
"558",558,-0.0857545893073986,0.0011295352552135
"559",559,-0.102621532962827,0.00136048477445054
"560",560,-0.121306763961261,0.00299535190622818
"561",561,-0.0997071995516729,0.00141298243233856
"562",562,-0.100061776668677,0.00153885847945709
"563",563,-0.141926106266808,0.00342390057598531
"564",564,-0.117659113664383,0.00248176027503006
"565",565,-0.102414937266914,0.00162797095359089
"566",566,-0.145951333290105,0.00339620898783254
"567",567,-0.110962934410026,0.00177923874680474
"568",568,-0.0989269085501644,0.00166925685180511
"569",569,-0.104508891692198,0.00165256032802058
"570",570,-0.12671223486322,0.00258277840278418
"571",571,-0.0805059543515579,0.00116339866095832
"572",572,-0.115807575196248,0.00257265340554351
"573",573,-0.106452731793444,0.00209934003134665
"574",574,-0.118480019417382,0.0024966397938463
"575",575,-0.131549287143871,0.00313891064992721
"576",576,-0.106416963405927,0.00150559341713053
"577",577,-0.0851757956118915,0.000967058041182079
"578",578,-0.10992755635921,0.00189645479505282
"579",579,-0.13343734086604,0.00281806820731356
"580",580,-0.115003744518817,0.00223365661944425
"581",581,-0.10886914362827,0.00172584209086527
"582",582,-0.0843010459271407,0.00124754068779809
"583",583,-0.095773569598674,0.00152781626165727
"584",584,-0.0992187948429546,0.00176227662774665
"585",585,-0.105922367131561,0.00194656350272784
"586",586,-0.0792750885271255,0.000767590215288671
"587",587,-0.119225371748394,0.00227553851577443
"588",588,-0.110321823638809,0.00200188373279181
"589",589,-0.137276492341616,0.0033037799254708
"590",590,-0.121855454049349,0.00229577319133253
"591",591,-0.104728074354649,0.00170486518188754
"592",592,-0.0904157155090928,0.00141339158664331
"593",593,-0.131940470921542,0.00294173584900484
"594",594,-0.113856845758847,0.00220302715610349
"595",595,-0.113998250848308,0.00204781915715998
"596",596,-0.0903911262407318,0.0013282319302578
"597",597,-0.120964498559457,0.00216324423927046
"598",598,-0.109325436932996,0.00203354891483449
"599",599,-0.0816769463953578,0.000848080019877806
"600",600,-0.111425707987663,0.00203577985844169
"601",601,-0.109704969829341,0.00209359952341247
"602",602,-0.120139648213503,0.00222415403641259
"603",603,-0.118354175050062,0.00270241158792415
"604",604,-0.0813656738222748,0.000864082329581075
"605",605,-0.11879956345355,0.00266412648917175
"606",606,-0.104715526054356,0.00200612021992129
"607",607,-0.113450578048554,0.00219421214647857
"608",608,-0.142133524554095,0.00303420353857996
"609",609,-0.105674845387813,0.0019926825939889
"610",610,-0.103239191480327,0.00155967935221965
"611",611,-0.103935249805295,0.00175456389405549
"612",612,-0.128619178086502,0.00261261959117019
"613",613,-0.122624965315105,0.00255134899151169
"614",614,-0.104327240085089,0.00161605287504754
"615",615,-0.115699932666428,0.00218076342882882
"616",616,-0.0871269342972107,0.00110686612341731
"617",617,-0.120037029902198,0.0026702977842062
"618",618,-0.087360301736615,0.00107948765483707
"619",619,-0.0805357600597933,0.000880872364900753
"620",620,-0.115111954366635,0.00211386930956239
"621",621,-0.116556922105729,0.00224257515327552
"622",622,-0.109545990657684,0.00185684301266135
"623",623,-0.0910634897995224,0.0015029395455606
"624",624,-0.126237201285853,0.00277453990317858
"625",625,-0.106796060943856,0.00162734216970868
"626",626,-0.11847680314152,0.00232950222352749
"627",627,-0.1025505344501,0.00162020359718642
"628",628,-0.0917068148635644,0.00124411935392285
"629",629,-0.0891297837512915,0.00121804872829513
"630",630,-0.116285122378467,0.00213895548483598
"631",631,-0.112122240028982,0.00229780451948991
"632",632,-0.109669684739328,0.00187557177876633
"633",633,-0.0944291920619582,0.0012575860317543
"634",634,-0.107297748339918,0.00211493095349431
"635",635,-0.115752691079083,0.00177884881587921
"636",636,-0.120630467358686,0.00254195768193123
"637",637,-0.0941927750727366,0.00160704099485367
"638",638,-0.129455666443284,0.00303173428235918
"639",639,-0.104468785168337,0.00164654662467897
"640",640,-0.105068131627629,0.00202693605703837
"641",641,-0.127141800916612,0.00279141290987282
"642",642,-0.0891409576478793,0.00158103415599454
"643",643,-0.106855311379877,0.00229808864085484
"644",644,-0.134059327079164,0.0028849211276227
"645",645,-0.0973549859613774,0.00174059138152908
"646",646,-0.107780949551846,0.00199547589851685
"647",647,-0.123083628398329,0.00246880138563945
"648",648,-0.0952259179743282,0.00175280449323065
"649",649,-0.0829541445488405,0.00136308723934823
"650",650,-0.0862922988105943,0.00118067942788932
"651",651,-0.107837274780882,0.00163435883424231
"652",652,-0.0963323283301293,0.00155863884806
"653",653,-0.118365433224511,0.00233192706347191
"654",654,-0.098281140223314,0.00166192713707084
"655",655,-0.13554947439916,0.00327538778812887
"656",656,-0.119216259539032,0.00235625220600536
"657",657,-0.120473077497357,0.00251623586875017
"658",658,-0.102487176749087,0.00161318542945464
"659",659,-0.114456122400611,0.00241097145977167
"660",660,-0.0969276439106485,0.00180134761281586
"661",661,-0.0993131715566186,0.00164735571216161
"662",662,-0.10831722469474,0.00207934165210669
"663",663,-0.117972724191056,0.00245595272923103
"664",664,-0.079932262736238,0.000743563044812267
"665",665,-0.0900188804368067,0.00119528200368652
"666",666,-0.098518753539827,0.0017142374806517
"667",667,-0.124559506769803,0.00260105681063894
"668",668,-0.094272487650084,0.00162532184472821
"669",669,-0.102701034768451,0.0016957206773225
"670",670,-0.0912570088816917,0.00136749258716529
"671",671,-0.121762551192107,0.00282120672922641
"672",672,-0.0911615825314922,0.00123645610215001
"673",673,-0.112848947488095,0.00193666141864525
"674",674,-0.129121268500837,0.00285294386436951
"675",675,-0.129231265902979,0.00292855394023137
"676",676,-0.113536267794,0.00218821703889521
"677",677,-0.109636566536182,0.00240354405380875
"678",678,-0.148790061196812,0.00355153778241365
"679",679,-0.111729354252159,0.00239519863637243
"680",680,-0.106355239167017,0.00154877592183044
"681",681,-0.117362589286019,0.00221966677291836
"682",682,-0.0998567557605636,0.00184029914639855
"683",683,-0.124207502389679,0.00278813276566607
"684",684,-0.125338081399797,0.00262556533974194
"685",685,-0.143733194500246,0.0033923007146533
"686",686,-0.106495732397507,0.00202874880744066
"687",687,-0.122590922544237,0.00270995042157419
"688",688,-0.120812783451727,0.00240035041568379
"689",689,-0.11501683785001,0.00224429773082596
"690",690,-0.127606190205031,0.00260342323324452
"691",691,-0.0964889270018192,0.00169177239203651
"692",692,-0.120267046603204,0.00251242897419361
"693",693,-0.087529334598218,0.00139414186122276
"694",694,-0.121755547989715,0.00221598940323902
"695",695,-0.115311833943464,0.00231711378827175
"696",696,-0.0964983118205492,0.00179244101952185
"697",697,-0.117764253497928,0.0021582277317159
"698",698,-0.110812956444015,0.00178832572259574
"699",699,-0.10012435572002,0.00164748862119495
"700",700,-0.134064964547342,0.0030910070789889
"701",701,-0.103701460374234,0.00172910281240141
"702",702,-0.121245342905017,0.00250377939775183
"703",703,-0.117403524065969,0.00242900224714643
"704",704,-0.102886559153325,0.00185127853990002
"705",705,-0.123667274477938,0.00243431574350943
"706",706,-0.101480677106574,0.00165536978517798
"707",707,-0.118386888817053,0.00261181819487814
"708",708,-0.0915125359000292,0.00141091200725227
"709",709,-0.158780691738827,0.00393589285346058
"710",710,-0.118268886532913,0.00246223060473545
"711",711,-0.0963644877180257,0.00149604461706837
"712",712,-0.119965398729701,0.0021958820515403
"713",713,-0.0942458389834019,0.00131820125260471
"714",714,-0.0914831791431348,0.00157639388655999
"715",715,-0.0704056327437438,0.000842198007997761
"716",716,-0.140099535511325,0.0034311733571353
"717",717,-0.116128558620271,0.00221485841626664
"718",718,-0.110041000403074,0.00192314941249746
"719",719,-0.118164477496745,0.00204410892693004
"720",720,-0.0983526691451769,0.001405692153555
"721",721,-0.0955124297029504,0.00145427173702235
"722",722,-0.11719366369427,0.00239394773429888
"723",723,-0.123039675128647,0.00242521809168634
"724",724,-0.082683758614132,0.00119084250750357
"725",725,-0.0848657385820065,0.00100676981480567
"726",726,-0.0890450220093112,0.000941558904340885
"727",727,-0.126541019258313,0.00300243148911625
"728",728,-0.0941444518175105,0.00170772020216864
"729",729,-0.104613963815178,0.0019991047586419
"730",730,-0.108004127471638,0.00224717537455704
"731",731,-0.115248520507953,0.00218149794101176
"732",732,-0.0946037874898843,0.00140528562206204
"733",733,-0.0979267945548125,0.0015204613459099
"734",734,-0.116739846636021,0.00272926169292032
"735",735,-0.0976808861338554,0.00159522434126247
"736",736,-0.10130133620962,0.00204215509875764
"737",737,-0.112759428143365,0.00240487727597984
"738",738,-0.0941526623992114,0.00138511097589204
"739",739,-0.0915646733595614,0.0015665512489572
"740",740,-0.102741055256567,0.00169190462230987
"741",741,-0.123270735563851,0.00254089369396877
"742",742,-0.107886676883553,0.00181758357248446
"743",743,-0.134503129243607,0.00287175581475835
"744",744,-0.0953265861436694,0.00138468067273281
"745",745,-0.114784978647269,0.00234148548834893
"746",746,-0.111208401405247,0.00177703988076264
"747",747,-0.124863902713404,0.00280917836337188
"748",748,-0.111834469873604,0.00223435613189497
"749",749,-0.11612537523342,0.00203555433416573
"750",750,-0.0791950447803228,0.000896675080633446
"751",751,-0.118742475318758,0.00228123838841667
"752",752,-0.121451850948451,0.00247610119098496
"753",753,-0.133263394108218,0.00304009664067765
"754",754,-0.093738887846253,0.00136022248018446
"755",755,-0.0830888328138613,0.000942994602747999
"756",756,-0.104714809284201,0.00176130768846305
"757",757,-0.136317569266908,0.00299919247940464
"758",758,-0.103874731267686,0.00174945872602422
"759",759,-0.0992195092034648,0.00143268856125762
"760",760,-0.128592486113698,0.00317568231547536
"761",761,-0.0986090856282608,0.00143781074300487
"762",762,-0.124578412511916,0.00270118309585129
"763",763,-0.135305823719635,0.00281122819992234
"764",764,-0.104249308581466,0.00156366836134205
"765",765,-0.106792216894494,0.00248287562517491
"766",766,-0.115495059685149,0.00210881792397305
"767",767,-0.107277094356788,0.00170106895289001
"768",768,-0.0956484340759995,0.00153911991349585
"769",769,-0.124425811457498,0.00284901206844619
"770",770,-0.134245598801109,0.00292768754969712
"771",771,-0.101820111906121,0.00205295588494271
"772",772,-0.107234798738755,0.001906442120377
"773",773,-0.134156347623877,0.00304181572450056
"774",774,-0.125299865158475,0.00266841660546628
"775",775,-0.108987177690309,0.00210776138333817
"776",776,-0.122834500822711,0.0023186560969548
"777",777,-0.121503879261514,0.00250136785548153
"778",778,-0.102580054990407,0.00142507506430702
"779",779,-0.109871480000033,0.00188486773175744
"780",780,-0.134896112368569,0.00297453437473384
"781",781,-0.0873499854542263,0.00192199818928784
"782",782,-0.110316889619164,0.00236214040145787
"783",783,-0.105607248051842,0.00188081559839048
"784",784,-0.11273874342068,0.00201326921422411
"785",785,-0.129722054882837,0.00272805612338863
"786",786,-0.125132026948978,0.00278674001089652
"787",787,-0.131669662321229,0.00237429335126117
"788",788,-0.134873285203183,0.00302881985186903
"789",789,-0.119240404675251,0.00235267548319681
"790",790,-0.0834667511503794,0.000829021914481974
"791",791,-0.104861640723706,0.00226585235388716
"792",792,-0.133980455309651,0.00296697175964667
"793",793,-0.116306499091835,0.00254849809447329
"794",794,-0.140466446424604,0.00333943547972882
"795",795,-0.129852268842346,0.00272325162363007
"796",796,-0.100609986361976,0.00165652856254592
"797",797,-0.104591445856255,0.00153702627868239
"798",798,-0.11415633472647,0.00222037552970726
"799",799,-0.087306875127854,0.000902434524684719
"800",800,-0.0967324638748446,0.00164268114938519
"801",801,-0.1153164928196,0.00215468139587629
"802",802,-0.11544168977623,0.00234764954750166
"803",803,-0.108257365208216,0.00171149513922727
"804",804,-0.114617094716477,0.00199057608367788
"805",805,-0.118003051450207,0.00239902501859676
"806",806,-0.123515252347458,0.00253537591475066
"807",807,-0.101484175416804,0.00215289782408166
"808",808,-0.104382251428422,0.00193823097046494
"809",809,-0.106127392092138,0.00198125157264568
"810",810,-0.0868393106518495,0.00121366239548665
"811",811,-0.0991625584807345,0.00186618107622876
"812",812,-0.106345758941316,0.00186331408445825
"813",813,-0.110663034135068,0.00228210526171338
"814",814,-0.09752976566769,0.00179347515197697
"815",815,-0.090584785226071,0.00109478972072082
"816",816,-0.121141490016631,0.00281271184700291
"817",817,-0.116099594867343,0.00221800480583722
"818",818,-0.105830528163472,0.00216542231570968
"819",819,-0.108563536012008,0.0024627089753498
"820",820,-0.0919474038852546,0.00107209110606165
"821",821,-0.120764414617312,0.0026349081746022
"822",822,-0.0821604300911669,0.00101921450802299
"823",823,-0.130227048847055,0.00302484453056162
"824",824,-0.123031243599439,0.00254440446898104
"825",825,-0.0902849353354515,0.00132963303733116
"826",826,-0.0973920893602583,0.00163907591593167
"827",827,-0.117373704494116,0.0022123814014428
"828",828,-0.113376398213349,0.0022869678587783
"829",829,-0.131799871713554,0.00311665437090311
"830",830,-0.125224195928806,0.00279310229644241
"831",831,-0.104458953271875,0.00161146888186196
"832",832,-0.123186108921084,0.00226378327833722
"833",833,-0.12226105594941,0.00241607533624131
"834",834,-0.0928879052069168,0.00150657453587303
"835",835,-0.123943628820487,0.00273268269534145
"836",836,-0.130988044170109,0.00316782997776255
"837",837,-0.101301778859367,0.00169125649573967
"838",838,-0.0910886674709171,0.000895690010271734
"839",839,-0.101876145912889,0.00172244423473185
"840",840,-0.116880624319493,0.00255568378817967
"841",841,-0.114033024561877,0.00225962660880684
"842",842,-0.0900474508948749,0.00102351822560689
"843",843,-0.106277535841051,0.00231583725979406
"844",844,-0.106103452465202,0.00164065886481188
"845",845,-0.120926135380959,0.0029218954110836
"846",846,-0.0921308457148892,0.00114701679295015
"847",847,-0.126401740617626,0.00256727967560401
"848",848,-0.125022232013597,0.00248165885843981
"849",849,-0.0914303646796016,0.00129065636151738
"850",850,-0.111361197568529,0.0022614181940196
"851",851,-0.081036308365281,0.00128195969294379
"852",852,-0.0902899396618304,0.0014069640902426
"853",853,-0.12821205208652,0.00299549203730893
"854",854,-0.119535139137231,0.00217366477029737
"855",855,-0.112518962526021,0.00223154627037621
"856",856,-0.0790591804026398,0.000363991386541913
"857",857,-0.0942253031331977,0.00144854790420716
"858",858,-0.109196109190888,0.00161958055796876
"859",859,-0.120699469284302,0.00236874581268356
"860",860,-0.0944431684422289,0.00150087427479577
"861",861,-0.103802876029976,0.00149116318919352
"862",862,-0.117772298702229,0.00206344065630582
"863",863,-0.10792512353218,0.00189354473153399
"864",864,-0.115947808674775,0.00216397848863419
"865",865,-0.121761815227723,0.00243050614381693
"866",866,-0.132401885974067,0.00268480895126963
"867",867,-0.118801305560902,0.00246773166988992
"868",868,-0.121977789032998,0.00249985294393553
"869",869,-0.110789619207955,0.00219235918905912
"870",870,-0.107832730847556,0.0020779414507113
"871",871,-0.118484784770786,0.00243335151062803
"872",872,-0.0902311318737012,0.00151057116840506
"873",873,-0.0962064155496519,0.00176082474524416
"874",874,-0.117146157316159,0.00239222099703439
"875",875,-0.109627169336154,0.00183068925020763
"876",876,-0.119181171646274,0.00201412003790423
"877",877,-0.11408957418491,0.00219354865813229
"878",878,-0.103336967697908,0.00151507555008756
"879",879,-0.121025355922892,0.00239450135272174
"880",880,-0.111746646638471,0.00199317511578696
"881",881,-0.0908273443251422,0.00129734880383258
"882",882,-0.107626641839836,0.00191901314995743
"883",883,-0.13037878575242,0.00287557094993136
"884",884,-0.108015281781953,0.00191921526084079
"885",885,-0.102721589778346,0.00167651318188528
"886",886,-0.108679096130793,0.00171887858939072
"887",887,-0.107608356042244,0.00195775697718909
"888",888,-0.0924851477159752,0.00134855979684695
"889",889,-0.0820845217691154,0.00134215387662971
"890",890,-0.0881522712540008,0.00133120470064952
"891",891,-0.108735922697171,0.0018321607817645
"892",892,-0.0851024708908831,0.00118870163120778
"893",893,-0.0976321763300615,0.00192133918666379
"894",894,-0.14176146224967,0.00316537523281197
"895",895,-0.0843183523965643,0.00117381844777546
"896",896,-0.101891784273978,0.00190260951149442
"897",897,-0.114888618752092,0.00183230596080791
"898",898,-0.0929758091656203,0.00122182804505216
"899",899,-0.109038206725808,0.00216124796447225
"900",900,-0.111814271325476,0.00231989123788002
"901",901,-0.099475881696493,0.00132160102609871
"902",902,-0.108132331419919,0.00201314982457054
"903",903,-0.0837650665378589,0.000986588187757386
"904",904,-0.0851091072793979,0.000907982791739664
"905",905,-0.106120014407408,0.00158963898078669
"906",906,-0.0990706728526158,0.0014227989774482
"907",907,-0.106596133758183,0.00184575129445178
"908",908,-0.123908226121246,0.0026013942927715
"909",909,-0.113344238660478,0.00198679935897662
"910",910,-0.103217857698665,0.00185812588133087
"911",911,-0.0864519605892064,0.00124402515575491
"912",912,-0.108423593850575,0.00214257294358131
"913",913,-0.142729960172079,0.00314736680132253
"914",914,-0.103581513081091,0.00158166685115662
"915",915,-0.0976303295595268,0.0014475722763965
"916",916,-0.120647024525181,0.00220610740159766
"917",917,-0.11024171488744,0.00240890105677035
"918",918,-0.106471987130182,0.00178479642587304
"919",919,-0.130323187187124,0.00303237712944981
"920",920,-0.122837931612517,0.00257892963360556
"921",921,-0.116004230439132,0.00204905877090343
"922",922,-0.141376299902724,0.0031887662114829
"923",923,-0.0797479379228416,0.000880998348281565
"924",924,-0.108084684396654,0.00176331125376309
"925",925,-0.115422664361629,0.00221151079412211
"926",926,-0.13272805263344,0.00331762294291796
"927",927,-0.109199148179143,0.00184800704945531
"928",928,-0.130015041576405,0.00294045764983052
"929",929,-0.112979004718811,0.00242395451441295
"930",930,-0.115947727802483,0.00203569818127487
"931",931,-0.0895305112546274,0.00138405709799032
"932",932,-0.11588687782835,0.00229782721363869
"933",933,-0.104321449099007,0.0019165032757419
"934",934,-0.106597275917416,0.00180151991483125
"935",935,-0.157069243445818,0.00388031596452758
"936",936,-0.104215705462808,0.00187357975097907
"937",937,-0.107027846013553,0.00155179188642759
"938",938,-0.113016734502534,0.00215959719336584
"939",939,-0.120724781107987,0.00207027550608795
"940",940,-0.0987493999551592,0.00161048589972338
"941",941,-0.140710473278077,0.00286462507425001
"942",942,-0.135014154363384,0.00322516368658069
"943",943,-0.133689158688908,0.00314317659310219
"944",944,-0.101371141838136,0.00159847009897347
"945",945,-0.0872385253078758,0.00162016953524957
"946",946,-0.103468914718913,0.00181499511364364
"947",947,-0.0867336815294961,0.00137914084326966
"948",948,-0.114098366716572,0.002337748778958
"949",949,-0.117926397551113,0.00215854301256683
"950",950,-0.118300451045791,0.00256404571488614
"951",951,-0.0967029666091775,0.001829749415174
"952",952,-0.151797376322789,0.00363591057103723
"953",953,-0.103414139360875,0.00137939815394902
"954",954,-0.0762101249319175,0.0007118726987786
"955",955,-0.0982457460354674,0.00179527694149845
"956",956,-0.129075333491921,0.00274088440813754
"957",957,-0.0979761123593831,0.00159137658607431
"958",958,-0.114025339450642,0.00212703780298583
"959",959,-0.109187823686216,0.0020790267788409
"960",960,-0.100368381748286,0.00166726656235239
"961",961,-0.0762086720080631,0.000705274860263655
"962",962,-0.0917091744620302,0.00141471079190304
"963",963,-0.113746696880574,0.00226039590047224
"964",964,-0.111417605462286,0.00208555431870795
"965",965,-0.101511769767386,0.00192542108650477
"966",966,-0.126547352490233,0.00255296155216556
"967",967,-0.101836644309293,0.0019243114202657
"968",968,-0.101907237344426,0.0020245477500949
"969",969,-0.118076085106769,0.00259493869411685
"970",970,-0.101277335578598,0.00178065233909848
"971",971,-0.0851624779978319,0.00105651893420769
"972",972,-0.106687279748965,0.00178482337298905
"973",973,-0.110736690242044,0.00180960838561077
"974",974,-0.0887098644971918,0.00141778643622121
"975",975,-0.113295062660769,0.00240614022336439
"976",976,-0.100408094165924,0.00143507370440141
"977",977,-0.097218062483046,0.00148612847633891
"978",978,-0.0959977485952135,0.00115778549371666
"979",979,-0.113573607746456,0.00211047420013146
"980",980,-0.118228999209839,0.00245104063267403
"981",981,-0.0986240936856671,0.00158529312592284
"982",982,-0.0833820737578912,0.00123656024373513
"983",983,-0.0926342180733042,0.00160014775688623
"984",984,-0.103807332754217,0.00191043723502265
"985",985,-0.137631800996349,0.00324361549629381
"986",986,-0.0820823265375893,0.00096998232626278
"987",987,-0.11539677337048,0.00193112829955521
"988",988,-0.0983266293860981,0.00135499420385379
"989",989,-0.106546881629699,0.00190422728551795
"990",990,-0.120345669674121,0.00245736947521615
"991",991,-0.101239748102215,0.00176860719956163
"992",992,-0.140686169748382,0.00308171500299383
"993",993,-0.105488978732059,0.00192492202261535
"994",994,-0.111633338072979,0.00196483165277624
"995",995,-0.134334370063281,0.00311933849867216
"996",996,-0.126163299402444,0.00253554813016996
"997",997,-0.0805251034883133,0.00109754202981271
"998",998,-0.0913946037159297,0.0013884166587951
"999",999,-0.0765240524588234,0.000805589372118557
"1000",1000,-0.112771954947431,0.00188740345833989
